year_month,ward,i_a_項目10_mean,i_a_項目10_pos_ratio,i_a_項目10_high_ratio,i_a_項目11_mean,i_a_項目11_pos_ratio,i_a_項目11_high_ratio,i_a_項目12_mean,i_a_項目12_pos_ratio,i_a_項目12_high_ratio,i_a_項目13_mean,i_a_項目13_pos_ratio,i_a_項目13_high_ratio,i_a_項目14_mean,i_a_項目14_pos_ratio,i_a_項目14_high_ratio,i_a_項目15_mean,i_a_項目15_pos_ratio,i_a_項目15_high_ratio,i_a_項目16_mean,i_a_項目16_pos_ratio,i_a_項目16_high_ratio,i_a_項目17_mean,i_a_項目17_pos_ratio,i_a_項目17_high_ratio,i_a_項目18_mean,i_a_項目18_pos_ratio,i_a_項目18_high_ratio,i_a_項目19_mean,i_a_項目19_pos_ratio,i_a_項目19_high_ratio,i_a_項目20_mean,i_a_項目20_pos_ratio,i_a_項目20_high_ratio,i_a_n_records,ii_a_項目10_mean,ii_a_項目10_pos_ratio,ii_a_項目10_high_ratio,ii_a_項目11_mean,ii_a_項目11_pos_ratio,ii_a_項目11_high_ratio,ii_a_項目12_mean,ii_a_項目12_pos_ratio,ii_a_項目12_high_ratio,ii_a_項目13_mean,ii_a_項目13_pos_ratio,ii_a_項目13_high_ratio,ii_a_項目14_mean,ii_a_項目14_pos_ratio,ii_a_項目14_high_ratio,ii_a_項目15_mean,ii_a_項目15_pos_ratio,ii_a_項目15_high_ratio,ii_a_項目16_mean,ii_a_項目16_pos_ratio,ii_a_項目16_high_ratio,ii_a_項目17_mean,ii_a_項目17_pos_ratio,ii_a_項目17_high_ratio,ii_a_項目18_mean,ii_a_項目18_pos_ratio,ii_a_項目18_high_ratio,ii_a_項目19_mean,ii_a_項目19_pos_ratio,ii_a_項目19_high_ratio,ii_a_項目20_mean,ii_a_項目20_pos_ratio,ii_a_項目20_high_ratio,ii_a_n_records,b_項目10_mean,b_項目10_pos_ratio,b_項目10_high_ratio,b_項目11_mean,b_項目11_pos_ratio,b_項目11_high_ratio,b_項目12_mean,b_項目12_pos_ratio,b_項目12_high_ratio,b_項目13_mean,b_項目13_pos_ratio,b_項目13_high_ratio,b_項目14_mean,b_項目14_pos_ratio,b_項目14_high_ratio,b_項目15_mean,b_項目15_pos_ratio,b_項目15_high_ratio,b_項目16_mean,b_項目16_pos_ratio,b_項目16_high_ratio,b_項目17_mean,b_項目17_pos_ratio,b_項目17_high_ratio,b_項目18_mean,b_項目18_pos_ratio,b_項目18_high_ratio,b_項目19_mean,b_項目19_pos_ratio,b_項目19_high_ratio,b_項目20_mean,b_項目20_pos_ratio,b_項目20_high_ratio,b_n_records,denominator_days,unique_patients,ii_a_score_mean,ii_a_score_p75,ii_a_score_high2_ratio,ii_a_score_high4_ratio,I_actual_rate,II_actual_rate
202504,5F,0.05372217958557176,0.05372217958557176,0.0,0.07444359171143515,0.07444359171143515,0.0,0.0,0.0,0.0,0.0,0.0,0.0,0.004604758250191865,0.004604758250191865,0.0,0.0023023791250959325,0.0023023791250959325,0.0,0.7904834996162702,0.07904834996162702,0.07904834996162702,0.014581734458940905,0.014581734458940905,0.0,0.0,0.0,0.0,0.0,0.0,0.0,0.0,0.0,0.0,1303,1.1250959324635457,0.9462778204144282,0.17881811204911743,1.0237912509593246,0.7137375287797391,0.31005372217958554,0.6454336147352264,0.6454336147352264,0.0,0.7267843438219493,0.6016884113584037,0.12509593246354567,1.2310053722179586,0.7881811204911742,0.44282425172678436,0.12125863392171911,0.12125863392171911,0.0,0.059861857252494245,0.059861857252494245,0.0,0.5425940138142747,0.5425940138142747,0.0,0.6477359938603223,0.6477359938603223,0.0,0.5686876438986953,0.5686876438986953,0.0,0.7559478127398311,0.7559478127398311,0.0,1303,0.2271062271062271,0.04542124542124542,0.04542124542124542,0.0,0.0,0.0,0.0,0.0,0.0,0.0,0.0,0.0,0.0,0.0,0.0,0.0,0.0,0.0,0.0,0.0,0.0,0.0,0.0,0.0,0.0,0.0,0.0,0.0,0.0,0.0,0.0,0.0,0.0,1365,1303,105,7.4481964696853415,11.0,0.8326937835763623,0.7129700690713737,0.2264006139677667,0.2003069838833461
202504,6F,0.008384146341463415,0.008384146341463415,0.0,0.20121951219512196,0.20121951219512196,0.0,0.0,0.0,0.0,0.0,0.0,0.0,0.008384146341463415,0.008384146341463415,0.0,0.012195121951219513,0.012195121951219513,0.0,0.22865853658536586,0.022865853658536585,0.022865853658536585,0.028201219512195123,0.028201219512195123,0.0,0.0,0.0,0.0,0.0,0.0,0.0,0.0,0.0,0.0,1312,1.1608231707317074,0.8658536585365854,0.29496951219512196,1.1242378048780488,0.75,0.3742378048780488,0.6608231707317073,0.6608231707317073,0.0,0.8163109756097561,0.6364329268292683,0.1798780487804878,1.1432926829268293,0.7309451219512195,0.41234756097560976,0.36128048780487804,0.36128048780487804,0.0,0.20121951219512196,0.20121951219512196,0.0,0.5221036585365854,0.5221036585365854,0.0,0.6448170731707317,0.6448170731707317,0.0,0.5510670731707317,0.5510670731707317,0.0,0.6463414634146342,0.6463414634146342,0.0,1312,0.2530730296456978,0.05133767172812726,0.05061460592913955,0.0,0.0,0.0,0.0,0.0,0.0,0.0,0.0,0.0,0.0,0.0,0.0,0.0,0.0,0.0,0.0,0.0,0.0,0.0,0.0,0.0,0.0,0.0,0.0,0.0,0.0,0.0,0.0,0.0,0.0,1383,1312,110,7.8323170731707314,12.0,0.7759146341463414,0.7172256097560976,0.2149390243902439,0.19054878048780488
202505,5F,0.07567567567567568,0.07567567567567568,0.0,0.07876447876447877,0.07876447876447877,0.0,0.0,0.0,0.0,0.0,0.0,0.0,0.01776061776061776,0.01776061776061776,0.0,0.003088803088803089,0.003088803088803089,0.0,0.4942084942084942,0.04942084942084942,0.04942084942084942,0.020077220077220077,0.020077220077220077,0.0,0.0,0.0,0.0,0.0,0.0,0.0,0.0,0.0,0.0,1295,1.1003861003861004,0.9536679536679536,0.14671814671814673,0.8208494208494208,0.623938223938224,0.1969111969111969,0.5135135135135135,0.5135135135135135,0.0,0.5135135135135135,0.4308880308880309,0.08262548262548262,0.9861003861003861,0.6517374517374518,0.33436293436293435,0.10424710424710425,0.10424710424710425,0.0,0.023166023166023165,0.023166023166023165,0.0,0.5127413127413127,0.5127413127413127,0.0,0.5150579150579151,0.5150579150579151,0.0,0.3691119691119691,0.3691119691119691,0.0,0.6061776061776062,0.6061776061776062,0.0,1295,0.272992700729927,0.05474452554744526,0.05474452554744526,0.0,0.0,0.0,0.0,0.0,0.0,0.0,0.0,0.0,0.0,0.0,0.0,0.0,0.0,0.0,0.0,0.0,0.0,0.0,0.0,0.0,0.0,0.0,0.0,0.0,0.0,0.0,0.0,0.0,0.0,1370,1295,107,6.064864864864865,10.0,0.7088803088803088,0.5961389961389961,0.21488871834228704,0.18649270913277052
202505,6F,0.010268562401263823,0.010268562401263823,0.0,0.12322274881516587,0.12322274881516587,0.0,0.0,0.0,0.0,0.0,0.0,0.0,0.007898894154818325,0.007898894154818325,0.0,0.007898894154818325,0.007898894154818325,0.0,0.19747235387045814,0.019747235387045814,0.019747235387045814,0.00631911532385466,0.00631911532385466,0.0,0.0,0.0,0.0,0.0,0.0,0.0,0.0,0.0,0.0,1266,1.080568720379147,0.8925750394944708,0.18799368088467613,0.9202211690363349,0.674565560821485,0.2456556082148499,0.5244865718799369,0.5244865718799369,0.0,0.6706161137440758,0.490521327014218,0.18009478672985782,0.9012638230647709,0.6145339652448657,0.28672985781990523,0.35308056872037913,0.35308056872037913,0.0,0.16824644549763032,0.16824644549763032,0.0,0.533175355450237,0.533175355450237,0.0,0.518957345971564,0.518957345971564,0.0,0.4707740916271722,0.4707740916271722,0.0,0.5418641390205371,0.5418641390205371,0.0,1266,0.29420505200594355,0.05943536404160475,0.058692421991084695,0.0,0.0,0.0,0.0,0.0,0.0,0.0,0.0,0.0,0.0,0.0,0.0,0.0,0.0,0.0,0.0,0.0,0.0,0.0,0.0,0.0,0.0,0.0,0.0,0.0,0.0,0.0,0.0,0.0,0.0,1346,1266,117,6.683254344391785,11.0,0.6966824644549763,0.6066350710900474,0.22432859399684044,0.2156398104265403
202506,5F,0.11840968020743302,0.11840968020743302,0.0,0.07605877268798616,0.07605877268798616,0.0,0.0,0.0,0.0,0.0,0.0,0.0,0.015557476231633534,0.015557476231633534,0.0,0.013828867761452032,0.013828867761452032,0.0,0.5617977528089888,0.056179775280898875,0.056179775280898875,0.006050129645635264,0.006050129645635264,0.0,0.0,0.0,0.0,0.0,0.0,0.0,0.0,0.0,0.0,1157,1.0682800345721695,0.9360414866032843,0.13223854796888504,0.905790838375108,0.672428694900605,0.23336214347450301,0.5496974935177182,0.5496974935177182,0.0,0.5341400172860847,0.44770959377700953,0.08643042350907519,1.082973206568712,0.7104580812445981,0.37251512532411407,0.11063094209161625,0.11063094209161625,0.0,0.01728608470181504,0.01728608470181504,0.0,0.5963699222126189,0.5963699222126189,0.0,0.5453759723422644,0.5453759723422644,0.0,0.3742437337942956,0.3742437337942956,0.0,0.6024200518582541,0.6024200518582541,0.0,1157,0.3119935170178282,0.06239870340356564,0.06239870340356564,0.0,0.0,0.0,0.0,0.0,0.0,0.0,0.0,0.0,0.0,0.0,0.0,0.0,0.0,0.0,0.0,0.0,0.0,0.0,0.0,0.0,0.0,0.0,0.0,0.0,0.0,0.0,0.0,0.0,0.0,1234,1157,113,6.387208297320657,10.0,0.7614520311149524,0.6361279170267934,0.15903197925669835,0.1512532411408816
202506,6F,0.025488530161427356,0.025488530161427356,0.0,0.07051826677994902,0.07051826677994902,0.0,0.0,0.0,0.0,0.0,0.0,0.0,0.008496176720475786,0.008496176720475786,0.0,0.005097706032285472,0.005097706032285472,0.0,0.059473237043330504,0.00594732370433305,0.00594732370433305,0.01784197111299915,0.01784197111299915,0.0,0.0,0.0,0.0,0.0,0.0,0.0,0.0,0.0,0.0,1177,1.2013593882752762,0.8988954970263382,0.30246389124893797,1.187765505522515,0.7969413763806287,0.39082412914188613,0.6788445199660152,0.6788445199660152,0.0,0.9175870858113849,0.6686491079014444,0.24893797790994052,1.1869158878504673,0.735768903993203,0.4511469838572642,0.4647408666100255,0.4647408666100255,0.0,0.2582837723024639,0.2582837723024639,0.0,0.5887850467289719,0.5887850467289719,0.0,0.6720475785896347,0.6720475785896347,0.0,0.6457094307561597,0.6457094307561597,0.0,0.697536108751062,0.697536108751062,0.0,1177,0.30701754385964913,0.06140350877192982,0.06140350877192982,0.0,0.0,0.0,0.0,0.0,0.0,0.0,0.0,0.0,0.0,0.0,0.0,0.0,0.0,0.0,0.0,0.0,0.0,0.0,0.0,0.0,0.0,0.0,0.0,0.0,0.0,0.0,0.0,0.0,0.0,1254,1177,113,8.499575191163975,13.0,0.8122344944774851,0.7468139337298216,0.11299915038232795,0.09855564995751911
202507,5F,0.07311129163281885,0.07311129163281885,0.0,0.0901705930138099,0.0901705930138099,0.0,0.0,0.0,0.0,0.0,0.0,0.0,0.015434606011372868,0.015434606011372868,0.0,0.00974817221770918,0.00974817221770918,0.0,0.12997562956945571,0.012997562956945572,0.012997562956945572,0.024370430544272948,0.024370430544272948,0.0,0.0,0.0,0.0,0.0,0.0,0.0,0.0,0.0,0.0,1231,1.0861088545897644,0.9382615759545085,0.1478472786352559,0.9033306255077173,0.6848090982940699,0.21852152721364745,0.5621445978878961,0.5621445978878961,0.0,0.6328188464662876,0.5004061738424046,0.132412672623883,1.0089358245329,0.6783103168155971,0.330625507717303,0.19496344435418358,0.19496344435418358,0.0,0.025182778229082048,0.025182778229082048,0.0,0.5808285946385053,0.5808285946385053,0.0,0.5491470349309504,0.5491470349309504,0.0,0.4654752233956133,0.4654752233956133,0.0,0.6222583265637693,0.6222583265637693,0.0,1231,0.3229483282674772,0.06458966565349544,0.06458966565349544,0.0,0.0,0.0,0.0,0.0,0.0,0.0,0.0,0.0,0.0,0.0,0.0,0.0,0.0,0.0,0.0,0.0,0.0,0.0,0.0,0.0,0.0,0.0,0.0,0.0,0.0,0.0,0.0,0.0,0.0,1316,1231,120,6.631194151096669,10.0,0.7319252640129975,0.6295694557270511,0.20146222583265638,0.18359057676685622
202507,6F,0.019968051118210862,0.019968051118210862,0.0,0.0878594249201278,0.0878594249201278,0.0,0.0,0.0,0.0,0.0,0.0,0.0,0.01757188498402556,0.01757188498402556,0.0,0.003194888178913738,0.003194888178913738,0.0,0.05591054313099041,0.005591054313099041,0.005591054313099041,0.02875399361022364,0.02875399361022364,0.0,0.0,0.0,0.0,0.0,0.0,0.0,0.0,0.0,0.0,1252,1.1629392971246006,0.8945686900958466,0.268370607028754,1.1118210862619808,0.7691693290734825,0.3426517571884984,0.6781150159744409,0.6781150159744409,0.0,0.8945686900958466,0.6517571884984026,0.24281150159744408,1.0694888178913737,0.6972843450479234,0.3722044728434505,0.4073482428115016,0.4073482428115016,0.0,0.24201277955271566,0.24201277955271566,0.0,0.5686900958466453,0.5686900958466453,0.0,0.652555910543131,0.652555910543131,0.0,0.6070287539936102,0.6070287539936102,0.0,0.6789137380191693,0.6789137380191693,0.0,1252,0.27547169811320754,0.05509433962264151,0.05509433962264151,0.0,0.0,0.0,0.0,0.0,0.0,0.0,0.0,0.0,0.0,0.0,0.0,0.0,0.0,0.0,0.0,0.0,0.0,0.0,0.0,0.0,0.0,0.0,0.0,0.0,0.0,0.0,0.0,0.0,0.0,1325,1252,117,8.073482428115016,13.0,0.7811501597444089,0.7356230031948882,0.16134185303514376,0.13338658146964857
202508,5F,0.09276729559748427,0.09276729559748427,0.0,0.12421383647798742,0.12421383647798742,0.0,0.0,0.0,0.0,0.0,0.0,0.0,0.019654088050314465,0.019654088050314465,0.0,0.007075471698113208,0.007075471698113208,0.0,0.4638364779874214,0.046383647798742135,0.046383647798742135,0.01729559748427673,0.01729559748427673,0.0,0.0,0.0,0.0,0.0,0.0,0.0,0.0,0.0,0.0,1272,1.0935534591194969,0.9575471698113207,0.1360062893081761,0.8844339622641509,0.6981132075471698,0.18632075471698112,0.5440251572327044,0.5440251572327044,0.0,0.5621069182389937,0.4378930817610063,0.12421383647798742,1.0235849056603774,0.7051886792452831,0.31839622641509435,0.2028301886792453,0.2028301886792453,0.0,0.02358490566037736,0.02358490566037736,0.0,0.5817610062893082,0.5817610062893082,0.0,0.5377358490566038,0.5377358490566038,0.0,0.41273584905660377,0.41273584905660377,0.0,0.6029874213836478,0.6029874213836478,0.0,1272,0.3124539425202653,0.06263817243920412,0.06263817243920412,0.0,0.0,0.0,0.0,0.0,0.0,0.0,0.0,0.0,0.0,0.0,0.0,0.0,0.0,0.0,0.0,0.0,0.0,0.0,0.0,0.0,0.0,0.0,0.0,0.0,0.0,0.0,0.0,0.0,0.0,1357,1272,115,6.46933962264151,10.0,0.7578616352201258,0.639937106918239,0.20911949685534592,0.18474842767295596
202508,6F,0.023492560689115115,0.023492560689115115,0.0,0.15740015661707127,0.15740015661707127,0.0,0.0,0.0,0.0,0.0,0.0,0.0,0.007830853563038372,0.007830853563038372,0.0,0.003915426781519186,0.003915426781519186,0.0,0.22709475332811277,0.022709475332811275,0.022709475332811275,0.023492560689115115,0.023492560689115115,0.0,0.0,0.0,0.0,0.0,0.0,0.0,0.0,0.0,0.0,1277,1.2106499608457322,0.9224745497259201,0.28817541111981204,1.111198120595145,0.7580266249021144,0.3531714956930305,0.6468285043069695,0.6468285043069695,0.0,0.9334377447141738,0.6711041503523885,0.26233359436178544,1.0775254502740799,0.6953797963978073,0.38214565387627253,0.4025058731401723,0.4025058731401723,0.0,0.11902897415818324,0.11902897415818324,0.0,0.514487079091621,0.514487079091621,0.0,0.6374314800313234,0.6374314800313234,0.0,0.6170712607674237,0.6170712607674237,0.0,0.6382145653876272,0.6382145653876272,0.0,1277,0.33941605839416056,0.06788321167883211,0.06788321167883211,0.0,0.0,0.0,0.0,0.0,0.0,0.0,0.0,0.0,0.0,0.0,0.0,0.0,0.0,0.0,0.0,0.0,0.0,0.0,0.0,0.0,0.0,0.0,0.0,0.0,0.0,0.0,0.0,0.0,0.0,1370,1277,124,7.908379013312451,13.0,0.7776037588097102,0.7220046985121378,0.19028974158183243,0.14487079091620986
202509,5F,0.08420056764427625,0.08420056764427625,0.0,0.12109744560075686,0.12109744560075686,0.0,0.0,0.0,0.0,0.0,0.0,0.0,0.04446546830652791,0.04446546830652791,0.0,0.00946073793755913,0.00946073793755913,0.0,0.3122043519394513,0.02270577105014191,0.02270577105014191,0.026490066225165563,0.026490066225165563,0.0,0.0,0.0,0.0,0.0,0.0,0.0,0.0,0.0,0.0,1057,1.140964995269631,0.9763481551561022,0.16461684011352887,0.9139072847682119,0.7076631977294229,0.20624408703878902,0.6026490066225165,0.6026490066225165,0.0,0.6622516556291391,0.5184484389782403,0.14380321665089876,1.0350047303689687,0.7218543046357616,0.31315042573320717,0.28192999053926204,0.28192999053926204,0.0,0.020813623462630087,0.020813623462630087,0.0,0.6007568590350048,0.6007568590350048,0.0,0.5922421948912016,0.5922421948912016,0.0,0.4720908230842006,0.4720908230842006,0.0,0.6423841059602649,0.6423841059602649,0.0,1057,0.3230088495575221,0.06460176991150443,0.06460176991150443,0.0,0.0,0.0,0.0,0.0,0.0,0.0,0.0,0.0,0.0,0.0,0.0,0.0,0.0,0.0,0.0,0.0,0.0,0.0,0.0,0.0,0.0,0.0,0.0,0.0,0.0,0.0,0.0,0.0,0.0,1130,1057,109,6.964995269631031,10.0,0.7568590350047304,0.684957426679281,0.19110690633869443,0.15137180700094607
202509,6F,0.02497687326549491,0.02497687326549491,0.0,0.1692876965772433,0.1692876965772433,0.0,0.0,0.0,0.0,0.0,0.0,0.0,0.01757631822386679,0.01757631822386679,0.0,0.0027752081406105457,0.0027752081406105457,0.0,0.12950971322849214,0.012950971322849213,0.012950971322849213,0.018501387604070305,0.018501387604070305,0.0,0.0,0.0,0.0,0.0,0.0,0.0,0.0,0.0,0.0,1081,1.2682701202590194,0.9380203515263644,0.33024976873265494,1.1591119333950046,0.8057354301572618,0.35337650323774283,0.6429232192414431,0.6429232192414431,0.0,0.9685476410730804,0.6975023126734505,0.27104532839962997,1.198889916743756,0.7391304347826086,0.4597594819611471,0.36262719703977797,0.36262719703977797,0.0,0.0730804810360777,0.0730804810360777,0.0,0.5522664199814986,0.5522664199814986,0.0,0.6327474560592045,0.6327474560592045,0.0,0.6753006475485661,0.6753006475485661,0.0,0.669750231267345,0.669750231267345,0.0,1081,0.3081597222222222,0.06163194444444445,0.06163194444444445,0.0,0.0,0.0,0.0,0.0,0.0,0.0,0.0,0.0,0.0,0.0,0.0,0.0,0.0,0.0,0.0,0.0,0.0,0.0,0.0,0.0,0.0,0.0,0.0,0.0,0.0,0.0,0.0,0.0,0.0,1152,1081,102,8.203515263644773,13.0,0.8297872340425532,0.7668825161887142,0.17298797409805736,0.14061054579093432
202510,5F,0.10512597741094701,0.10512597741094701,0.0,0.1520417028670721,0.1520417028670721,0.0,0.0,0.0,0.0,0.0,0.0,0.0,0.018245004344048653,0.018245004344048653,0.0,0.018245004344048653,0.018245004344048653,0.0,0.5473501303214596,0.05473501303214596,0.05473501303214596,0.0034752389226759338,0.0034752389226759338,0.0,0.0,0.0,0.0,0.0,0.0,0.0,0.0,0.0,0.0,1151,1.0947002606429193,0.9582971329278888,0.1364031277150304,0.9009556907037359,0.6411815812337098,0.25977410947002605,0.5629887054735013,0.5629887054735013,0.0,0.5994787141615986,0.46828844483058213,0.13119026933101652,0.9713292788879235,0.6437880104257168,0.32754126846220677,0.2145960034752389,0.2145960034752389,0.0,0.023457862728062554,0.023457862728062554,0.0,0.4908774978279757,0.4908774978279757,0.0,0.5629887054735013,0.5629887054735013,0.0,0.41789748045178104,0.41789748045178104,0.0,0.6159860990443093,0.6159860990443093,0.0,1151,0.30587275693311583,0.061174551386623165,0.061174551386623165,0.0,0.0,0.0,0.0,0.0,0.0,0.0,0.0,0.0,0.0,0.0,0.0,0.0,0.0,0.0,0.0,0.0,0.0,0.0,0.0,0.0,0.0,0.0,0.0,0.0,0.0,0.0,0.0,0.0,0.0,1226,1151,116,6.455256298870547,10.0,0.6976542137271937,0.634231103388358,0.1448395490026019,0.1396357328707719
202510,6F,0.017094017094017096,0.017094017094017096,0.0,0.15726495726495726,0.15726495726495726,0.0,0.0,0.0,0.0,0.0,0.0,0.0,0.013675213675213675,0.013675213675213675,0.0,0.0017094017094017094,0.0017094017094017094,0.0,0.18803418803418803,0.018803418803418803,0.018803418803418803,0.023931623931623933,0.023931623931623933,0.0,0.0,0.0,0.0,0.0,0.0,0.0,0.0,0.0,0.0,1170,1.1777777777777778,0.9264957264957265,0.2512820512820513,1.0538461538461539,0.7555555555555555,0.2982905982905983,0.5700854700854701,0.5700854700854701,0.0,0.7854700854700855,0.5888888888888889,0.19658119658119658,1.0393162393162394,0.6752136752136753,0.3641025641025641,0.32393162393162395,0.32393162393162395,0.0,0.11452991452991453,0.11452991452991453,0.0,0.5128205128205128,0.5128205128205128,0.0,0.5572649572649573,0.5572649572649573,0.0,0.5470085470085471,0.5470085470085471,0.0,0.552991452991453,0.552991452991453,0.0,1170,0.30874097834803527,0.061748195669607056,0.061748195669607056,0.0,0.0,0.0,0.0,0.0,0.0,0.0,0.0,0.0,0.0,0.0,0.0,0.0,0.0,0.0,0.0,0.0,0.0,0.0,0.0,0.0,0.0,0.0,0.0,0.0,0.0,0.0,0.0,0.0,0.0,1247,1170,113,7.235042735042735,12.0,0.7777777777777778,0.6709401709401709,0.1520068317677199,0.11699402220324509
202511,5F,0.08378588052754073,0.08378588052754073,0.0,0.13266097750193948,0.13266097750193948,0.0,0.0,0.0,0.0,0.0,0.0,0.0,0.010861132660977503,0.010861132660977503,0.0,0.007757951900698216,0.007757951900698216,0.0,0.27928626842513576,0.027928626842513578,0.027928626842513578,0.015515903801396431,0.015515903801396431,0.0,0.0,0.0,0.0,0.0,0.0,0.0,0.0,0.0,0.0,1289,1.1318851823118696,0.9627618308766486,0.16912335143522111,0.8673390224980605,0.5927075252133437,0.2746314972847168,0.5352986811481769,0.5352986811481769,0.0,0.6330488750969744,0.46935608999224204,0.16369278510473234,0.9107835531419706,0.5849495733126454,0.32583397982932505,0.2187742435996897,0.2187742435996897,0.0,0.03646237393328161,0.03646237393328161,0.0,0.4197051978277735,0.4197051978277735,0.0,0.5337470907680373,0.5337470907680373,0.0,0.4367726920093095,0.4367726920093095,0.0,0.556245151280062,0.556245151280062,0.0,1289,0.2948905109489051,0.059124087591240874,0.059124087591240874,0.0,0.0,0.0,0.0,0.0,0.0,0.0,0.0,0.0,0.0,0.0,0.0,0.0,0.0,0.0,0.0,0.0,0.0,0.0,0.0,0.0,0.0,0.0,0.0,0.0,0.0,0.0,0.0,0.0,0.0,1370,1289,111,6.280062063615206,10.0,0.6245151280062063,0.5709852598913887,0.15801704105344694,0.15027110766847404
202511,6F,0.010980392156862745,0.010980392156862745,0.0,0.09490196078431372,0.09490196078431372,0.0,0.0,0.0,0.0,0.0,0.0,0.0,0.00392156862745098,0.00392156862745098,0.0,0.002352941176470588,0.002352941176470588,0.0,0.25882352941176473,0.02588235294117647,0.02588235294117647,0.00392156862745098,0.00392156862745098,0.0,0.0,0.0,0.0,0.0,0.0,0.0,0.0,0.0,0.0,1275,1.0407843137254902,0.8501960784313726,0.19058823529411764,0.9105882352941177,0.6705882352941176,0.24,0.5098039215686274,0.5098039215686274,0.0,0.683921568627451,0.5145098039215686,0.16941176470588235,0.8219607843137255,0.5725490196078431,0.24941176470588236,0.28705882352941176,0.28705882352941176,0.0,0.1403921568627451,0.1403921568627451,0.0,0.4376470588235294,0.4376470588235294,0.0,0.504313725490196,0.504313725490196,0.0,0.46980392156862744,0.46980392156862744,0.0,0.5003921568627451,0.5003921568627451,0.0,1275,0.2952029520295203,0.05904059040590406,0.05904059040590406,0.0,0.0,0.0,0.0,0.0,0.0,0.0,0.0,0.0,0.0,0.0,0.0,0.0,0.0,0.0,0.0,0.0,0.0,0.0,0.0,0.0,0.0,0.0,0.0,0.0,0.0,0.0,0.0,0.0,0.0,1355,1275,116,6.306666666666667,11.0,0.6854901960784314,0.5850980392156863,0.15137254901960784,0.13098039215686275
202512,5F,0.08835672997522709,0.08835672997522709,0.0,0.16019818331957061,0.16019818331957061,0.0,0.0,0.0,0.0,0.0,0.0,0.0,0.007431874483897605,0.007431874483897605,0.0,0.00990916597853014,0.00990916597853014,0.0,0.016515276630883566,0.0016515276630883566,0.0016515276630883566,0.012386457473162676,0.012386457473162676,0.0,0.0,0.0,0.0,0.0,0.0,0.0,0.0,0.0,0.0,1211,1.2295623451692816,0.9876135425268373,0.24194880264244426,1.0784475639966968,0.7299752270850537,0.34847233691164325,0.6639141205615194,0.6639141205615194,0.0,0.7836498761354252,0.5945499587118084,0.18909991742361684,1.1833195706028077,0.7126341866226259,0.47068538398018167,0.22378199834847234,0.22378199834847234,0.0,0.01486374896779521,0.01486374896779521,0.0,0.5441783649876135,0.5441783649876135,0.0,0.6556564822460776,0.6556564822460776,0.0,0.5664739884393064,0.5664739884393064,0.0,0.6837324525185797,0.6837324525185797,0.0,1211,0.2658326817826427,0.053166536356528536,0.053166536356528536,0.0,0.0,0.0,0.0,0.0,0.0,0.0,0.0,0.0,0.0,0.0,0.0,0.0,0.0,0.0,0.0,0.0,0.0,0.0,0.0,0.0,0.0,0.0,0.0,0.0,0.0,0.0,0.0,0.0,0.0,1279,1211,98,7.627580511973576,11.0,0.7572254335260116,0.7126341866226259,0.20396366639141206,0.19653179190751446
202512,6F,0.015497553017944535,0.015497553017944535,0.0,0.12969004893964112,0.12969004893964112,0.0,0.0,0.0,0.0,0.0,0.0,0.0,0.0,0.0,0.0,0.009787928221859706,0.009787928221859706,0.0,0.3262642740619902,0.03262642740619902,0.03262642740619902,0.026916802610114192,0.026916802610114192,0.0,0.0,0.0,0.0,0.0,0.0,0.0,0.0,0.0,0.0,1226,1.0970636215334422,0.9249592169657422,0.17210440456769985,1.0383360522022838,0.7585644371941273,0.2797716150081566,0.601957585644372,0.601957585644372,0.0,0.7928221859706363,0.6223491027732463,0.17047308319738988,0.9429037520391517,0.6818923327895595,0.26101141924959215,0.2903752039151713,0.2903752039151713,0.0,0.14845024469820556,0.14845024469820556,0.0,0.566884176182708,0.566884176182708,0.0,0.5995106035889071,0.5995106035889071,0.0,0.5815660685154975,0.5815660685154975,0.0,0.600326264274062,0.600326264274062,0.0,1226,0.3170359052711994,0.06340718105423988,0.06340718105423988,0.0,0.0,0.0,0.0,0.0,0.0,0.0,0.0,0.0,0.0,0.0,0.0,0.0,0.0,0.0,0.0,0.0,0.0,0.0,0.0,0.0,0.0,0.0,0.0,0.0,0.0,0.0,0.0,0.0,0.0,1309,1226,113,7.260195758564437,11.0,0.7756933115823818,0.6761827079934747,0.1933115823817292,0.15171288743882544
202601,5F,0.08987854251012145,0.08987854251012145,0.0,0.10283400809716599,0.10283400809716599,0.0,0.0,0.0,0.0,0.0,0.0,0.0,0.004858299595141701,0.004858299595141701,0.0,0.0072874493927125505,0.0072874493927125505,0.0,0.23481781376518218,0.02348178137651822,0.02348178137651822,0.025910931174089068,0.025910931174089068,0.0,0.0,0.0,0.0,0.0,0.0,0.0,0.0,0.0,0.0,1235,1.2493927125506072,0.982995951417004,0.2663967611336032,1.1708502024291498,0.7927125506072874,0.3781376518218624,0.6753036437246963,0.6753036437246963,0.0,0.8064777327935223,0.6291497975708502,0.17732793522267207,1.217004048582996,0.7408906882591093,0.4761133603238866,0.2582995951417004,0.2582995951417004,0.0,0.044534412955465584,0.044534412955465584,0.0,0.5238866396761134,0.5238866396761134,0.0,0.6720647773279352,0.6720647773279352,0.0,0.5797570850202429,0.5797570850202429,0.0,0.7052631578947368,0.7052631578947368,0.0,1235,0.23011583011583012,0.04633204633204633,0.04633204633204633,0.0,0.0,0.0,0.0,0.0,0.0,0.0,0.0,0.0,0.0,0.0,0.0,0.0,0.0,0.0,0.0,0.0,0.0,0.0,0.0,0.0,0.0,0.0,0.0,0.0,0.0,0.0,0.0,0.0,0.0,1295,1235,94,7.902834008097166,11.0,0.8340080971659919,0.7238866396761133,0.15384615384615385,0.12955465587044535
202601,6F,0.016963528413910092,0.016963528413910092,0.0,0.13570822731128074,0.13570822731128074,0.0,0.0,0.0,0.0,0.0,0.0,0.0,0.013570822731128074,0.013570822731128074,0.0,0.002544529262086514,0.002544529262086514,0.0,0.1102629346904156,0.01102629346904156,0.01102629346904156,0.027989821882951654,0.027989821882951654,0.0,0.0,0.0,0.0,0.0,0.0,0.0,0.0,0.0,0.0,1179,1.2451229855810009,0.9592875318066157,0.2858354537743851,1.1017811704834606,0.7591178965224766,0.3426632739609839,0.6632739609838847,0.6632739609838847,0.0,0.9151823579304496,0.6590330788804071,0.2561492790500424,1.080576759966073,0.7548770144189991,0.3256997455470738,0.30364715860899066,0.30364715860899066,0.0,0.07463952502120441,0.07463952502120441,0.0,0.4868532654792197,0.4868532654792197,0.0,0.6547921967769296,0.6547921967769296,0.0,0.6089906700593724,0.6089906700593724,0.0,0.6480067854113656,0.6480067854113656,0.0,1179,0.29529130087789307,0.05905826017557861,0.05905826017557861,0.0,0.0,0.0,0.0,0.0,0.0,0.0,0.0,0.0,0.0,0.0,0.0,0.0,0.0,0.0,0.0,0.0,0.0,0.0,0.0,0.0,0.0,0.0,0.0,0.0,0.0,0.0,0.0,0.0,0.0,1253,1179,108,7.782866836301951,12.0,0.8261238337574215,0.727735368956743,0.1263782866836302,0.08312128922815945
202602,5F,0.11401869158878504,0.11401869158878504,0.0,0.07196261682242991,0.07196261682242991,0.0,0.0,0.0,0.0,0.0,0.0,0.0,0.007476635514018692,0.007476635514018692,0.0,0.003738317757009346,0.003738317757009346,0.0,0.3925233644859813,0.03925233644859813,0.03925233644859813,0.011214953271028037,0.011214953271028037,0.0,0.0,0.0,0.0,0.0,0.0,0.0,0.0,0.0,0.0,1070,1.1869158878504673,0.9691588785046729,0.2177570093457944,1.105607476635514,0.7551401869158878,0.35046728971962615,0.688785046728972,0.688785046728972,0.0,0.8457943925233645,0.6401869158878505,0.205607476635514,1.2887850467289719,0.7504672897196262,0.5383177570093458,0.24392523364485982,0.24392523364485982,0.0,0.020560747663551402,0.020560747663551402,0.0,0.5383177570093458,0.5383177570093458,0.0,0.6878504672897197,0.6878504672897197,0.0,0.6177570093457944,0.6177570093457944,0.0,0.7140186915887851,0.7140186915887851,0.0,1070,0.31523642732049034,0.06304728546409807,0.06304728546409807,0.0,0.0,0.0,0.0,0.0,0.0,0.0,0.0,0.0,0.0,0.0,0.0,0.0,0.0,0.0,0.0,0.0,0.0,0.0,0.0,0.0,0.0,0.0,0.0,0.0,0.0,0.0,0.0,0.0,0.0,1142,1070,102,7.9383177570093455,11.0,0.7981308411214953,0.7158878504672898,0.12324929971988796,0.10644257703081232
202602,6F,0.011673151750972763,0.011673151750972763,0.0,0.10116731517509728,0.10116731517509728,0.0,0.0,0.0,0.0,0.0,0.0,0.0,0.020428015564202335,0.020428015564202335,0.0,0.009727626459143969,0.009727626459143969,0.0,0.0,0.0,0.0,0.0311284046692607,0.0311284046692607,0.0,0.0,0.0,0.0,0.0,0.0,0.0,0.0,0.0,0.0,1028,1.25,0.9260700389105059,0.3239299610894942,1.1381322957198443,0.75,0.38813229571984437,0.6235408560311284,0.6235408560311284,0.0,0.9309338521400778,0.6459143968871596,0.2850194552529183,1.1284046692607004,0.6945525291828794,0.433852140077821,0.372568093385214,0.372568093385214,0.0,0.09046692607003891,0.09046692607003891,0.0,0.5145914396887159,0.5145914396887159,0.0,0.617704280155642,0.617704280155642,0.0,0.5729571984435797,0.5729571984435797,0.0,0.6546692607003891,0.6546692607003891,0.0,1028,0.3399818676337262,0.06799637352674524,0.06799637352674524,0.0,0.0,0.0,0.0,0.0,0.0,0.0,0.0,0.0,0.0,0.0,0.0,0.0,0.0,0.0,0.0,0.0,0.0,0.0,0.0,0.0,0.0,0.0,0.0,0.0,0.0,0.0,0.0,0.0,0.0,1103,1028,112,7.893968871595331,12.0,0.7587548638132295,0.7071984435797666,0.10116731517509728,0.06031128404669261
202603,5F,0.06437389770723104,0.06437389770723104,0.0,0.08289241622574955,0.08289241622574955,0.0,0.0,0.0,0.0,0.0,0.0,0.0,0.012345679012345678,0.012345679012345678,0.0,0.009700176366843033,0.009700176366843033,0.0,0.2821869488536155,0.02821869488536155,0.02821869488536155,0.02821869488536155,0.02821869488536155,0.0,0.0,0.0,0.0,0.0,0.0,0.0,0.0,0.0,0.0,1134,1.1128747795414462,0.9708994708994709,0.1419753086419753,0.9708994708994709,0.7063492063492064,0.26455026455026454,0.6111111111111112,0.6111111111111112,0.0,0.7477954144620811,0.6102292768959435,0.13756613756613756,1.1243386243386244,0.7142857142857143,0.41005291005291006,0.09082892416225749,0.09082892416225749,0.0,0.03968253968253968,0.03968253968253968,0.0,0.5873015873015873,0.5873015873015873,0.0,0.6031746031746031,0.6031746031746031,0.0,0.5502645502645502,0.5502645502645502,0.0,0.6851851851851852,0.6851851851851852,0.0,1134,0.31017369727047145,0.062034739454094295,0.062034739454094295,0.0,0.0,0.0,0.0,0.0,0.0,0.0,0.0,0.0,0.0,0.0,0.0,0.0,0.0,0.0,0.0,0.0,0.0,0.0,0.0,0.0,0.0,0.0,0.0,0.0,0.0,0.0,0.0,0.0,0.0,1209,1134,108,7.1234567901234565,10.0,0.7619047619047619,0.6904761904761905,0.18606701940035272,0.1693121693121693
202603,6F,0.027303754266211604,0.027303754266211604,0.0,0.040955631399317405,0.040955631399317405,0.0,0.0,0.0,0.0,0.0,0.0,0.0,0.010238907849829351,0.010238907849829351,0.0,0.005972696245733789,0.005972696245733789,0.0,0.10238907849829351,0.010238907849829351,0.010238907849829351,0.016211604095563138,0.016211604095563138,0.0,0.0,0.0,0.0,0.0,0.0,0.0,0.0,0.0,0.0,1172,1.1168941979522184,0.8984641638225256,0.21843003412969283,0.9138225255972696,0.6510238907849829,0.2627986348122867,0.5102389078498294,0.5102389078498294,0.0,0.7636518771331058,0.5511945392491467,0.21245733788395904,0.9172354948805461,0.5887372013651877,0.32849829351535836,0.42150170648464164,0.42150170648464164,0.0,0.22184300341296928,0.22184300341296928,0.0,0.4812286689419795,0.4812286689419795,0.0,0.5042662116040956,0.5042662116040956,0.0,0.5247440273037542,0.5247440273037542,0.0,0.5477815699658704,0.5477815699658704,0.0,1172,0.2855993563958166,0.05711987127916331,0.05711987127916331,0.0,0.0,0.0,0.0,0.0,0.0,0.0,0.0,0.0,0.0,0.0,0.0,0.0,0.0,0.0,0.0,0.0,0.0,0.0,0.0,0.0,0.0,0.0,0.0,0.0,0.0,0.0,0.0,0.0,0.0,1243,1172,113,6.92320819112628,12.0,0.6766211604095563,0.6203071672354948,0.10494880546075085,0.08532423208191127
202604,5F,0.0,0.0,0.0,0.0,0.0,0.0,0.0,0.0,0.0,0.0,0.0,0.0,0.0025466893039049238,0.0025466893039049238,0.0,0.011884550084889643,0.011884550084889643,0.0,0.16129032258064516,0.016129032258064516,0.016129032258064516,0.021222410865874362,0.021222410865874362,0.0,0.0,0.0,0.0,0.0,0.0,0.0,0.0,0.0,0.0,1178,1.1146010186757216,0.9711375212224108,0.1434634974533107,0.966893039049236,0.7147707979626485,0.25212224108658743,0.6112054329371817,0.6112054329371817,0.0,0.7198641765704584,0.6137521222410866,0.10611205432937182,1.0882852292020373,0.7300509337860781,0.35823429541595925,0.08573853989813243,0.08573853989813243,0.0,0.02631578947368421,0.02631578947368421,0.0,0.6171477079796265,0.6171477079796265,0.0,0.6027164685908319,0.6027164685908319,0.0,0.5738539898132428,0.5738539898132428,0.0,0.7054329371816639,0.7054329371816639,0.0,1178,0.27666399358460303,0.05533279871692061,0.05533279871692061,0.0,0.0,0.0,0.0,0.0,0.0,0.0,0.0,0.0,0.0,0.0,0.0,0.0,0.0,0.0,0.0,0.0,0.0,0.0,0.0,0.0,0.0,0.0,0.0,0.0,0.0,0.0,0.0,0.0,0.0,1247,1178,112,7.112054329371817,10.0,0.7589134125636672,0.7011884550084889,,
202604,6F,0.0,0.0,0.0,0.0,0.0,0.0,0.0,0.0,0.0,0.0,0.0,0.0,0.008347245409015025,0.008347245409015025,0.0,0.020868113522537562,0.020868113522537562,0.0,0.5676126878130217,0.05676126878130217,0.05676126878130217,0.01669449081803005,0.01669449081803005,0.0,0.0,0.0,0.0,0.0,0.0,0.0,0.0,0.0,0.0,1198,1.2746243739565943,0.9515859766277128,0.32303839732888145,0.9782971619365609,0.6619365609348915,0.31636060100166946,0.5442404006677797,0.5442404006677797,0.0,0.8489148580968281,0.5751252086811353,0.27378964941569284,0.9974958263772955,0.5893155258764607,0.4081803005008347,0.3313856427378965,0.3313856427378965,0.0,0.1293823038397329,0.1293823038397329,0.0,0.48414023372287146,0.48414023372287146,0.0,0.5333889816360601,0.5333889816360601,0.0,0.5342237061769616,0.5342237061769616,0.0,0.5659432387312187,0.5659432387312187,0.0,1198,0.2648221343873518,0.052964426877470355,0.052964426877470355,0.0,0.0,0.0,0.0,0.0,0.0,0.0,0.0,0.0,0.0,0.0,0.0,0.0,0.0,0.0,0.0,0.0,0.0,0.0,0.0,0.0,0.0,0.0,0.0,0.0,0.0,0.0,0.0,0.0,0.0,1265,1198,112,7.222036727879799,13.0,0.679465776293823,0.6277128547579299,,
