date,ward,teisho,I_total,I_pass1,I_rate1,I_admit,I_pass2,I_rate2,II_total,II_pass1,II_rate1,II_admit,II_pass2,II_rate2
2025-04-01,5F,47,42,8,0.1904,3,2,0.6666,42,6,0.1428,3,2,0.6666
2025-04-01,6F,47,43,12,0.279,3,1,0.3333,43,12,0.279,3,1,0.3333
2025-04-01,合計,94,85,20,0.2352,6,3,0.5,85,18,0.2117,6,3,0.5
2025-04-02,5F,47,43,7,0.1627,2,2,1.0,43,7,0.1627,2,2,1.0
2025-04-02,6F,47,44,10,0.2272,4,3,0.75,44,10,0.2272,4,3,0.75
2025-04-02,合計,94,87,17,0.1954,6,5,0.8333,87,17,0.1954,6,5,0.8333
2025-04-03,5F,47,41,8,0.1951,2,1,0.5,41,7,0.1707,2,1,0.5
2025-04-03,6F,47,45,12,0.2666,3,3,1.0,45,11,0.2444,3,3,1.0
2025-04-03,合計,94,86,20,0.2325,5,4,0.8,86,18,0.2093,5,4,0.8
2025-04-04,5F,47,45,12,0.2666,4,2,0.5,45,11,0.2444,4,2,0.5
2025-04-04,6F,47,45,13,0.2888,1,1,1.0,45,11,0.2444,1,1,1.0
2025-04-04,合計,94,90,25,0.2777,5,3,0.6,90,22,0.2444,5,3,0.6
2025-04-05,5F,47,40,9,0.225,0,0,0.0,40,8,0.2,0,0,0.0
2025-04-05,6F,47,44,9,0.2045,0,0,0.0,44,8,0.1818,0,0,0.0
2025-04-05,合計,94,84,18,0.2142,0,0,0.0,84,16,0.1904,0,0,0.0
2025-04-06,5F,47,40,9,0.225,0,0,0.0,40,8,0.2,0,0,0.0
2025-04-06,6F,47,42,8,0.1904,0,0,0.0,42,8,0.1904,0,0,0.0
2025-04-06,合計,94,82,17,0.2073,0,0,0.0,82,16,0.1951,0,0,0.0
2025-04-07,5F,47,41,9,0.2195,4,2,0.5,41,8,0.1951,4,2,0.5
2025-04-07,6F,47,39,8,0.2051,1,1,1.0,39,8,0.2051,1,1,1.0
2025-04-07,合計,94,80,17,0.2125,5,3,0.6,80,16,0.2,5,3,0.6
2025-04-08,5F,47,40,9,0.225,3,1,0.3333,40,8,0.2,3,1,0.3333
2025-04-08,6F,47,40,9,0.225,5,3,0.6,40,9,0.225,5,3,0.6
2025-04-08,合計,94,80,18,0.225,8,4,0.5,80,17,0.2125,8,4,0.5
2025-04-09,5F,47,37,7,0.1891,2,1,0.5,37,6,0.1621,2,1,0.5
2025-04-09,6F,47,43,10,0.2325,4,2,0.5,43,9,0.2093,4,2,0.5
2025-04-09,合計,94,80,17,0.2125,6,3,0.5,80,15,0.1875,6,3,0.5
2025-04-10,5F,47,39,9,0.2307,4,1,0.25,39,7,0.1794,4,1,0.25
2025-04-10,6F,47,42,8,0.1904,2,2,1.0,42,7,0.1666,2,2,1.0
2025-04-10,合計,94,81,17,0.2098,6,3,0.5,81,14,0.1728,6,3,0.5
2025-04-11,5F,47,41,12,0.2926,6,3,0.5,41,10,0.2439,6,3,0.5
2025-04-11,6F,47,38,9,0.2368,1,1,1.0,38,8,0.2105,1,1,1.0
2025-04-11,合計,94,79,21,0.2658,7,4,0.5714,79,18,0.2278,7,4,0.5714
2025-04-12,5F,47,40,11,0.275,3,2,0.6666,40,10,0.25,3,2,0.6666
2025-04-12,6F,47,41,7,0.1707,3,2,0.6666,41,5,0.1219,3,2,0.6666
2025-04-12,合計,94,81,18,0.2222,6,4,0.6666,81,15,0.1851,6,4,0.6666
2025-04-13,5F,47,39,10,0.2564,0,0,0.0,39,9,0.2307,0,0,0.0
2025-04-13,6F,47,41,6,0.1463,0,0,0.0,41,5,0.1219,0,0,0.0
2025-04-13,合計,94,80,16,0.2,0,0,0.0,80,14,0.175,0,0,0.0
2025-04-14,5F,47,44,11,0.25,6,2,0.3333,44,11,0.25,6,2,0.3333
2025-04-14,6F,47,46,7,0.1521,5,3,0.6,46,6,0.1304,5,3,0.6
2025-04-14,合計,94,90,18,0.2,11,5,0.4545,90,17,0.1888,11,5,0.4545
2025-04-15,5F,47,46,13,0.2826,4,3,0.75,46,10,0.2173,4,3,0.75
2025-04-15,6F,47,43,10,0.2325,2,1,0.5,43,8,0.186,2,1,0.5
2025-04-15,合計,94,89,23,0.2584,6,4,0.6666,89,18,0.2022,6,4,0.6666
2025-04-16,5F,47,48,15,0.3125,4,2,0.5,48,12,0.25,4,2,0.5
2025-04-16,6F,47,45,12,0.2666,4,3,0.75,45,12,0.2666,4,3,0.75
2025-04-16,合計,94,93,27,0.2903,8,5,0.625,93,24,0.258,8,5,0.625
2025-04-17,5F,47,49,13,0.2653,3,2,0.6666,49,12,0.2448,3,2,0.6666
2025-04-17,6F,47,45,7,0.1555,3,2,0.6666,45,7,0.1555,3,2,0.6666
2025-04-17,合計,94,94,20,0.2127,6,4,0.6666,94,19,0.2021,6,4,0.6666
2025-04-18,5F,47,47,11,0.234,0,0,0.0,47,10,0.2127,0,0,0.0
2025-04-18,6F,47,47,9,0.1914,4,2,0.5,47,8,0.1702,4,2,0.5
2025-04-18,合計,94,94,20,0.2127,4,2,0.5,94,18,0.1914,4,2,0.5
2025-04-19,5F,47,45,10,0.2222,1,1,1.0,45,9,0.2,1,1,1.0
2025-04-19,6F,47,46,11,0.2391,2,2,1.0,46,7,0.1521,2,2,1.0
2025-04-19,合計,94,91,21,0.2307,3,3,1.0,91,16,0.1758,3,3,1.0
2025-04-20,5F,47,45,10,0.2222,0,0,0.0,45,9,0.2,0,0,0.0
2025-04-20,6F,47,46,10,0.2173,0,0,0.0,46,8,0.1739,0,0,0.0
2025-04-20,合計,94,91,20,0.2197,0,0,0.0,91,17,0.1868,0,0,0.0
2025-04-21,5F,47,46,9,0.1956,4,2,0.5,46,10,0.2173,4,2,0.5
2025-04-21,6F,47,46,11,0.2391,1,1,1.0,46,10,0.2173,1,1,1.0
2025-04-21,合計,94,92,20,0.2173,5,3,0.6,92,20,0.2173,5,3,0.6
2025-04-22,5F,47,46,10,0.2173,1,1,1.0,46,8,0.1739,1,1,1.0
2025-04-22,6F,47,44,12,0.2727,2,2,1.0,44,9,0.2045,2,2,1.0
2025-04-22,合計,94,90,22,0.2444,3,3,1.0,90,17,0.1888,3,3,1.0
2025-04-23,5F,47,46,8,0.1739,4,1,0.25,46,7,0.1521,4,1,0.25
2025-04-23,6F,47,43,12,0.279,5,4,0.8,43,8,0.186,5,4,0.8
2025-04-23,合計,94,89,20,0.2247,9,5,0.5555,89,15,0.1685,9,5,0.5555
2025-04-24,5F,47,47,11,0.234,2,1,0.5,47,10,0.2127,2,1,0.5
2025-04-24,6F,47,47,12,0.2553,6,1,0.1666,47,10,0.2127,6,1,0.1666
2025-04-24,合計,94,94,23,0.2446,8,2,0.25,94,20,0.2127,8,2,0.25
2025-04-25,5F,47,47,9,0.1914,1,1,1.0,47,7,0.1489,1,1,1.0
2025-04-25,6F,47,44,11,0.25,2,1,0.5,44,9,0.2045,2,1,0.5
2025-04-25,合計,94,91,20,0.2197,3,2,0.6666,91,16,0.1758,3,2,0.6666
2025-04-26,5F,47,45,9,0.2,0,0,0.0,45,8,0.1777,0,0,0.0
2025-04-26,6F,47,45,7,0.1555,3,2,0.6666,45,7,0.1555,3,2,0.6666
2025-04-26,合計,94,90,16,0.1777,3,2,0.6666,90,15,0.1666,3,2,0.6666
2025-04-27,5F,47,45,8,0.1777,0,0,0.0,45,7,0.1555,0,0,0.0
2025-04-27,6F,47,45,8,0.1777,0,0,0.0,45,8,0.1777,0,0,0.0
2025-04-27,合計,94,90,16,0.1777,0,0,0.0,90,15,0.1666,0,0,0.0
2025-04-28,5F,47,44,10,0.2272,2,2,1.0,44,10,0.2272,2,2,1.0
2025-04-28,6F,47,45,8,0.1777,3,2,0.6666,45,8,0.1777,3,2,0.6666
2025-04-28,合計,94,89,18,0.2022,5,4,0.8,89,18,0.2022,5,4,0.8
2025-04-29,5F,47,44,9,0.2045,0,0,0.0,44,8,0.1818,0,0,0.0
2025-04-29,6F,47,44,7,0.159,0,0,0.0,44,7,0.159,0,0,0.0
2025-04-29,合計,94,88,16,0.1818,0,0,0.0,88,15,0.1704,0,0,0.0
2025-04-30,5F,47,41,9,0.2195,2,1,0.5,41,8,0.1951,2,1,0.5
2025-04-30,6F,47,44,7,0.159,4,4,1.0,44,7,0.159,4,4,1.0
2025-04-30,合計,94,85,16,0.1882,6,5,0.8333,85,15,0.1764,6,5,0.8333
2025-05-01,5F,47,42,9,0.2142,2,2,1.0,42,7,0.1666,2,2,1.0
2025-05-01,6F,47,45,10,0.2222,3,1,0.3333,45,10,0.2222,3,1,0.3333
2025-05-01,合計,94,87,19,0.2183,5,3,0.6,87,17,0.1954,5,3,0.6
2025-05-02,5F,47,42,10,0.238,3,2,0.6666,42,6,0.1428,3,2,0.6666
2025-05-02,6F,47,41,8,0.1951,3,3,1.0,41,8,0.1951,3,3,1.0
2025-05-02,合計,94,83,18,0.2168,6,5,0.8333,83,14,0.1686,6,5,0.8333
2025-05-03,5F,47,43,8,0.186,1,1,1.0,43,4,0.093,1,1,1.0
2025-05-03,6F,47,40,8,0.2,0,0,0.0,40,8,0.2,0,0,0.0
2025-05-03,合計,94,83,16,0.1927,1,1,1.0,83,12,0.1445,1,1,1.0
2025-05-04,5F,47,43,7,0.1627,0,0,0.0,43,5,0.1162,0,0,0.0
2025-05-04,6F,47,40,8,0.2,0,0,0.0,40,8,0.2,0,0,0.0
2025-05-04,合計,94,83,15,0.1807,0,0,0.0,83,13,0.1566,0,0,0.0
2025-05-05,5F,47,43,7,0.1627,0,0,0.0,43,5,0.1162,0,0,0.0
2025-05-05,6F,47,40,8,0.2,0,0,0.0,40,8,0.2,0,0,0.0
2025-05-05,合計,94,83,15,0.1807,0,0,0.0,83,13,0.1566,0,0,0.0
2025-05-06,5F,47,43,6,0.1395,0,0,0.0,43,5,0.1162,0,0,0.0
2025-05-06,6F,47,40,8,0.2,0,0,0.0,40,8,0.2,0,0,0.0
2025-05-06,合計,94,83,14,0.1686,0,0,0.0,83,13,0.1566,0,0,0.0
2025-05-07,5F,47,46,5,0.1086,6,3,0.5,46,4,0.0869,6,3,0.5
2025-05-07,6F,47,42,9,0.2142,7,4,0.5714,42,9,0.2142,7,4,0.5714
2025-05-07,合計,94,88,14,0.159,13,7,0.5384,88,13,0.1477,13,7,0.5384
2025-05-08,5F,47,46,9,0.1956,1,0,0.0,46,9,0.1956,1,0,0.0
2025-05-08,6F,47,37,8,0.2162,1,0,0.0,37,8,0.2162,1,0,0.0
2025-05-08,合計,94,83,17,0.2048,2,0,0.0,83,17,0.2048,2,0,0.0
2025-05-09,5F,47,42,9,0.2142,2,1,0.5,42,8,0.1904,2,1,0.5
2025-05-09,6F,47,38,9,0.2368,4,3,0.75,38,9,0.2368,4,3,0.75
2025-05-09,合計,94,80,18,0.225,6,4,0.6666,80,17,0.2125,6,4,0.6666
2025-05-10,5F,47,40,8,0.2,2,0,0.0,40,9,0.225,2,0,0.0
2025-05-10,6F,47,38,11,0.2894,4,3,0.75,38,11,0.2894,4,3,0.75
2025-05-10,合計,94,78,19,0.2435,6,3,0.5,78,20,0.2564,6,3,0.5
2025-05-11,5F,47,41,8,0.1951,0,0,0.0,41,7,0.1707,0,0,0.0
2025-05-11,6F,47,38,11,0.2894,0,0,0.0,38,11,0.2894,0,0,0.0
2025-05-11,合計,94,79,19,0.2405,0,0,0.0,79,18,0.2278,0,0,0.0
2025-05-12,5F,47,44,8,0.1818,7,2,0.2857,44,6,0.1363,7,2,0.2857
2025-05-12,6F,47,42,13,0.3095,7,4,0.5714,42,12,0.2857,7,4,0.5714
2025-05-12,合計,94,86,21,0.2441,14,6,0.4285,86,18,0.2093,14,6,0.4285
2025-05-13,5F,47,44,9,0.2045,2,1,0.5,44,8,0.1818,2,1,0.5
2025-05-13,6F,47,45,14,0.3111,5,3,0.6,45,14,0.3111,5,3,0.6
2025-05-13,合計,94,89,23,0.2584,7,4,0.5714,89,22,0.2471,7,4,0.5714
2025-05-14,5F,47,47,10,0.2127,4,2,0.5,47,8,0.1702,4,2,0.5
2025-05-14,6F,47,42,14,0.3333,2,2,1.0,42,14,0.3333,2,2,1.0
2025-05-14,合計,94,89,24,0.2696,6,4,0.6666,89,22,0.2471,6,4,0.6666
2025-05-15,5F,47,44,11,0.25,2,2,1.0,44,9,0.2045,2,2,1.0
2025-05-15,6F,47,45,14,0.3111,4,4,1.0,45,14,0.3111,4,4,1.0
2025-05-15,合計,94,89,25,0.2808,6,6,1.0,89,23,0.2584,6,6,1.0
2025-05-16,5F,47,44,12,0.2727,2,2,1.0,44,10,0.2272,2,2,1.0
2025-05-16,6F,47,45,12,0.2666,2,1,0.5,45,12,0.2666,2,1,0.5
2025-05-16,合計,94,89,24,0.2696,4,3,0.75,89,22,0.2471,4,3,0.75
2025-05-17,5F,47,43,9,0.2093,2,1,0.5,43,9,0.2093,2,1,0.5
2025-05-17,6F,47,42,10,0.238,0,0,0.0,42,10,0.238,0,0,0.0
2025-05-17,合計,94,85,19,0.2235,2,1,0.5,85,19,0.2235,2,1,0.5
2025-05-18,5F,47,43,7,0.1627,0,0,0.0,43,7,0.1627,0,0,0.0
2025-05-18,6F,47,41,8,0.1951,0,0,0.0,41,8,0.1951,0,0,0.0
2025-05-18,合計,94,84,15,0.1785,0,0,0.0,84,15,0.1785,0,0,0.0
2025-05-19,5F,47,43,10,0.2325,6,3,0.5,43,9,0.2093,6,3,0.5
2025-05-19,6F,47,41,9,0.2195,5,4,0.8,41,8,0.1951,5,4,0.8
2025-05-19,合計,94,84,19,0.2261,11,7,0.6363,84,17,0.2023,11,7,0.6363
2025-05-20,5F,47,41,9,0.2195,2,2,1.0,41,7,0.1707,2,2,1.0
2025-05-20,6F,47,44,9,0.2045,5,3,0.6,44,9,0.2045,5,3,0.6
2025-05-20,合計,94,85,18,0.2117,7,5,0.7142,85,16,0.1882,7,5,0.7142
2025-05-21,5F,47,39,9,0.2307,4,4,1.0,39,8,0.2051,4,4,1.0
2025-05-21,6F,47,43,7,0.1627,1,0,0.0,43,7,0.1627,1,0,0.0
2025-05-21,合計,94,82,16,0.1951,5,4,0.8,82,15,0.1829,5,4,0.8
2025-05-22,5F,47,43,12,0.279,5,2,0.4,43,11,0.2558,5,2,0.4
2025-05-22,6F,47,45,8,0.1777,5,4,0.8,45,8,0.1777,5,4,0.8
2025-05-22,合計,94,88,20,0.2272,10,6,0.6,88,19,0.2159,10,6,0.6
2025-05-23,5F,47,40,12,0.3,0,0,0.0,40,11,0.275,0,0,0.0
2025-05-23,6F,47,40,9,0.225,1,0,0.0,40,8,0.2,1,0,0.0
2025-05-23,合計,94,80,21,0.2625,1,0,0.0,80,19,0.2375,1,0,0.0
2025-05-24,5F,47,39,8,0.2051,2,1,0.5,39,9,0.2307,2,1,0.5
2025-05-24,6F,47,40,10,0.25,2,2,1.0,40,8,0.2,2,2,1.0
2025-05-24,合計,94,79,18,0.2278,4,3,0.75,79,17,0.2151,4,3,0.75
2025-05-25,5F,47,40,9,0.225,1,1,1.0,40,9,0.225,1,1,1.0
2025-05-25,6F,47,40,9,0.225,0,0,0.0,40,7,0.175,0,0,0.0
2025-05-25,合計,94,80,18,0.225,1,1,1.0,80,16,0.2,1,1,1.0
2025-05-26,5F,47,42,10,0.238,3,1,0.3333,42,9,0.2142,3,1,0.3333
2025-05-26,6F,47,42,7,0.1666,4,0,0.0,42,6,0.1428,4,0,0.0
2025-05-26,合計,94,84,17,0.2023,7,1,0.1428,84,15,0.1785,7,1,0.1428
2025-05-27,5F,47,42,12,0.2857,3,2,0.6666,42,11,0.2619,3,2,0.6666
2025-05-27,6F,47,41,9,0.2195,3,3,1.0,41,8,0.1951,3,3,1.0
2025-05-27,合計,94,83,21,0.253,6,5,0.8333,83,19,0.2289,6,5,0.8333
2025-05-28,5F,47,42,11,0.2619,3,1,0.3333,42,10,0.238,3,1,0.3333
2025-05-28,6F,47,41,6,0.1463,2,2,1.0,41,6,0.1463,2,2,1.0
2025-05-28,合計,94,83,17,0.2048,5,3,0.6,83,16,0.1927,5,3,0.6
2025-05-29,5F,47,38,9,0.2368,4,2,0.5,38,8,0.2105,4,2,0.5
2025-05-29,6F,47,36,4,0.1111,2,0,0.0,36,4,0.1111,2,0,0.0
2025-05-29,合計,94,74,13,0.1756,6,2,0.3333,74,12,0.1621,6,2,0.3333
2025-05-30,5F,47,40,11,0.275,3,2,0.6666,40,9,0.225,3,2,0.6666
2025-05-30,6F,47,37,8,0.2162,4,3,0.75,37,7,0.1891,4,3,0.75
2025-05-30,合計,94,77,19,0.2467,7,5,0.7142,77,16,0.2077,7,5,0.7142
2025-05-31,5F,47,34,6,0.1764,0,0,0.0,34,6,0.1764,0,0,0.0
2025-05-31,6F,47,35,6,0.1714,1,0,0.0,35,5,0.1428,1,0,0.0
2025-05-31,合計,94,69,12,0.1739,1,0,0.0,69,11,0.1594,1,0,0.0
2025-06-01,5F,47,34,4,0.1176,0,0,0.0,34,3,0.0882,0,0,0.0
2025-06-01,6F,47,35,4,0.1142,0,0,0.0,35,4,0.1142,0,0,0.0
2025-06-01,合計,94,69,8,0.1159,0,0,0.0,69,7,0.1014,0,0,0.0
2025-06-02,5F,47,39,6,0.1538,7,5,0.7142,39,5,0.1282,7,5,0.7142
2025-06-02,6F,47,40,7,0.175,6,3,0.5,40,5,0.125,6,3,0.5
2025-06-02,合計,94,79,13,0.1645,13,8,0.6153,79,10,0.1265,13,8,0.6153
2025-06-03,5F,47,37,6,0.1621,3,3,1.0,37,5,0.1351,3,3,1.0
2025-06-03,6F,47,37,11,0.2972,4,1,0.25,37,9,0.2432,4,1,0.25
2025-06-03,合計,94,74,17,0.2297,7,4,0.5714,74,14,0.1891,7,4,0.5714
2025-06-04,5F,47,38,8,0.2105,4,3,0.75,38,7,0.1842,4,3,0.75
2025-06-04,6F,47,41,8,0.1951,6,5,0.8333,41,8,0.1951,6,5,0.8333
2025-06-04,合計,94,79,16,0.2025,10,8,0.8,79,15,0.1898,10,8,0.8
2025-06-05,5F,47,37,7,0.1891,4,3,0.75,37,5,0.1351,4,3,0.75
2025-06-05,6F,47,39,5,0.1282,4,3,0.75,39,5,0.1282,4,3,0.75
2025-06-05,合計,94,76,12,0.1578,8,6,0.75,76,10,0.1315,8,6,0.75
2025-06-06,5F,47,37,6,0.1621,2,1,0.5,37,4,0.1081,2,1,0.5
2025-06-06,6F,47,35,3,0.0857,4,3,0.75,35,3,0.0857,4,3,0.75
2025-06-06,合計,94,72,9,0.125,6,4,0.6666,72,7,0.0972,6,4,0.6666
2025-06-07,5F,47,36,5,0.1388,1,0,0.0,36,5,0.1388,1,0,0.0
2025-06-07,6F,47,34,4,0.1176,1,1,1.0,34,3,0.0882,1,1,1.0
2025-06-07,合計,94,70,9,0.1285,2,1,0.5,70,8,0.1142,2,1,0.5
2025-06-08,5F,47,36,5,0.1388,0,0,0.0,36,4,0.1111,0,0,0.0
2025-06-08,6F,47,34,3,0.0882,1,1,1.0,34,2,0.0588,1,1,1.0
2025-06-08,合計,94,70,8,0.1142,1,1,1.0,70,6,0.0857,1,1,1.0
2025-06-09,5F,47,39,6,0.1538,6,4,0.6666,39,6,0.1538,6,4,0.6666
2025-06-09,6F,47,37,5,0.1351,5,4,0.8,37,3,0.081,5,4,0.8
2025-06-09,合計,94,76,11,0.1447,11,8,0.7272,76,9,0.1184,11,8,0.7272
2025-06-10,5F,47,40,8,0.2,3,2,0.6666,40,7,0.175,3,2,0.6666
2025-06-10,6F,47,42,8,0.1904,5,2,0.4,42,6,0.1428,5,2,0.4
2025-06-10,合計,94,82,16,0.1951,8,4,0.5,82,13,0.1585,8,4,0.5
2025-06-11,5F,47,45,9,0.2,9,4,0.4444,45,8,0.1777,9,4,0.4444
2025-06-11,6F,47,43,8,0.186,5,1,0.2,43,7,0.1627,5,1,0.2
2025-06-11,合計,94,88,17,0.1931,14,5,0.3571,88,15,0.1704,14,5,0.3571
2025-06-12,5F,47,42,12,0.2857,1,1,1.0,42,11,0.2619,1,1,1.0
2025-06-12,6F,47,40,3,0.075,2,1,0.5,40,3,0.075,2,1,0.5
2025-06-12,合計,94,82,15,0.1829,3,2,0.6666,82,14,0.1707,3,2,0.6666
2025-06-13,5F,47,43,8,0.186,4,2,0.5,43,9,0.2093,4,2,0.5
2025-06-13,6F,47,42,5,0.119,5,4,0.8,42,4,0.0952,5,4,0.8
2025-06-13,合計,94,85,13,0.1529,9,6,0.6666,85,13,0.1529,9,6,0.6666
2025-06-14,5F,47,38,6,0.1578,0,0,0.0,38,6,0.1578,0,0,0.0
2025-06-14,6F,47,42,4,0.0952,2,0,0.0,42,4,0.0952,2,0,0.0
2025-06-14,合計,94,80,10,0.125,2,0,0.0,80,10,0.125,2,0,0.0
2025-06-15,5F,47,38,6,0.1578,0,0,0.0,38,6,0.1578,0,0,0.0
2025-06-15,6F,47,42,2,0.0476,0,0,0.0,42,2,0.0476,0,0,0.0
2025-06-15,合計,94,80,8,0.1,0,0,0.0,80,8,0.1,0,0,0.0
2025-06-16,5F,47,37,5,0.1351,2,1,0.5,37,6,0.1621,2,1,0.5
2025-06-16,6F,47,41,2,0.0487,1,1,1.0,41,2,0.0487,1,1,1.0
2025-06-16,合計,94,78,7,0.0897,3,2,0.6666,78,8,0.1025,3,2,0.6666
2025-06-17,5F,47,38,4,0.1052,5,3,0.6,38,4,0.1052,5,3,0.6
2025-06-17,6F,47,41,4,0.0975,1,1,1.0,41,5,0.1219,1,1,1.0
2025-06-17,合計,94,79,8,0.1012,6,4,0.6666,79,9,0.1139,6,4,0.6666
2025-06-18,5F,47,41,6,0.1463,7,4,0.5714,41,5,0.1219,7,4,0.5714
2025-06-18,6F,47,41,5,0.1219,3,1,0.3333,41,4,0.0975,3,1,0.3333
2025-06-18,合計,94,82,11,0.1341,10,5,0.5,82,9,0.1097,10,5,0.5
2025-06-19,5F,47,40,9,0.225,1,1,1.0,40,10,0.25,1,1,1.0
2025-06-19,6F,47,43,4,0.093,3,2,0.6666,43,4,0.093,3,2,0.6666
2025-06-19,合計,94,83,13,0.1566,4,3,0.75,83,14,0.1686,4,3,0.75
2025-06-20,5F,47,37,6,0.1621,1,0,0.0,37,7,0.1891,1,0,0.0
2025-06-20,6F,47,41,5,0.1219,1,1,1.0,41,4,0.0975,1,1,1.0
2025-06-20,合計,94,78,11,0.141,2,1,0.5,78,11,0.141,2,1,0.5
2025-06-21,5F,47,37,7,0.1891,2,0,0.0,37,5,0.1351,2,0,0.0
2025-06-21,6F,47,40,3,0.075,1,1,1.0,40,3,0.075,1,1,1.0
2025-06-21,合計,94,77,10,0.1298,3,1,0.3333,77,8,0.1038,3,1,0.3333
2025-06-22,5F,47,37,7,0.1891,0,0,0.0,37,6,0.1621,0,0,0.0
2025-06-22,6F,47,41,3,0.0731,1,1,1.0,41,2,0.0487,1,1,1.0
2025-06-22,合計,94,78,10,0.1282,1,1,1.0,78,8,0.1025,1,1,1.0
2025-06-23,5F,47,39,7,0.1794,4,2,0.5,39,8,0.2051,4,2,0.5
2025-06-23,6F,47,43,3,0.0697,4,2,0.5,43,2,0.0465,4,2,0.5
2025-06-23,合計,94,82,10,0.1219,8,4,0.5,82,10,0.1219,8,4,0.5
2025-06-24,5F,47,42,5,0.119,4,3,0.75,42,5,0.119,4,3,0.75
2025-06-24,6F,47,42,4,0.0952,3,3,1.0,42,4,0.0952,3,3,1.0
2025-06-24,合計,94,84,9,0.1071,7,6,0.8571,84,9,0.1071,7,6,0.8571
2025-06-25,5F,47,37,4,0.1081,2,1,0.5,37,5,0.1351,2,1,0.5
2025-06-25,6F,47,37,3,0.081,1,1,1.0,37,3,0.081,1,1,1.0
2025-06-25,合計,94,74,7,0.0945,3,2,0.6666,74,8,0.1081,3,2,0.6666
2025-06-26,5F,47,39,5,0.1282,3,1,0.3333,39,4,0.1025,3,1,0.3333
2025-06-26,6F,47,37,3,0.081,1,1,1.0,37,3,0.081,1,1,1.0
2025-06-26,合計,94,76,8,0.1052,4,2,0.5,76,7,0.0921,4,2,0.5
2025-06-27,5F,47,40,5,0.125,3,0,0.0,40,4,0.1,3,0,0.0
2025-06-27,6F,47,37,5,0.1351,4,2,0.5,37,5,0.1351,4,2,0.5
2025-06-27,合計,94,77,10,0.1298,7,2,0.2857,77,9,0.1168,7,2,0.2857
2025-06-28,5F,47,38,5,0.1315,2,1,0.5,38,5,0.1315,2,1,0.5
2025-06-28,6F,47,37,3,0.081,2,1,0.5,37,3,0.081,2,1,0.5
2025-06-28,合計,94,75,8,0.1066,4,2,0.5,75,8,0.1066,4,2,0.5
2025-06-29,5F,47,38,3,0.0789,0,0,0.0,38,4,0.1052,0,0,0.0
2025-06-29,6F,47,37,3,0.081,0,0,0.0,37,2,0.054,0,0,0.0
2025-06-29,合計,94,75,6,0.08,0,0,0.0,75,6,0.08,0,0,0.0
2025-06-30,5F,47,38,4,0.1052,3,1,0.3333,38,6,0.1578,3,1,0.3333
2025-06-30,6F,47,36,3,0.0833,4,1,0.25,36,2,0.0555,4,1,0.25
2025-06-30,合計,94,74,7,0.0945,7,2,0.2857,74,8,0.1081,7,2,0.2857
2025-07-01,5F,47,41,9,0.2195,5,4,0.8,41,6,0.1463,5,4,0.8
2025-07-01,6F,47,37,6,0.1621,2,0,0.0,37,7,0.1891,2,0,0.0
2025-07-01,合計,94,78,15,0.1923,7,4,0.5714,78,13,0.1666,7,4,0.5714
2025-07-02,5F,47,43,9,0.2093,6,4,0.6666,43,6,0.1395,6,4,0.6666
2025-07-02,6F,47,39,3,0.0769,7,5,0.7142,39,2,0.0512,7,5,0.7142
2025-07-02,合計,94,82,12,0.1463,13,9,0.6923,82,8,0.0975,13,9,0.6923
2025-07-03,5F,47,45,8,0.1777,2,1,0.5,45,5,0.1111,2,1,0.5
2025-07-03,6F,47,39,3,0.0769,2,0,0.0,39,2,0.0512,2,0,0.0
2025-07-03,合計,94,84,11,0.1309,4,1,0.25,84,7,0.0833,4,1,0.25
2025-07-04,5F,47,44,7,0.159,2,0,0.0,44,6,0.1363,2,0,0.0
2025-07-04,6F,47,42,2,0.0476,4,3,0.75,42,2,0.0476,4,3,0.75
2025-07-04,合計,94,86,9,0.1046,6,3,0.5,86,8,0.093,6,3,0.5
2025-07-05,5F,47,43,7,0.1627,2,1,0.5,43,8,0.186,2,1,0.5
2025-07-05,6F,47,44,4,0.0909,3,1,0.3333,44,3,0.0681,3,1,0.3333
2025-07-05,合計,94,87,11,0.1264,5,2,0.4,87,11,0.1264,5,2,0.4
2025-07-06,5F,47,43,5,0.1162,0,0,0.0,43,5,0.1162,0,0,0.0
2025-07-06,6F,47,44,3,0.0681,0,0,0.0,44,2,0.0454,0,0,0.0
2025-07-06,合計,94,87,8,0.0919,0,0,0.0,87,7,0.0804,0,0,0.0
2025-07-07,5F,47,44,8,0.1818,7,4,0.5714,44,6,0.1363,7,4,0.5714
2025-07-07,6F,47,44,4,0.0909,5,3,0.6,44,4,0.0909,5,3,0.6
2025-07-07,合計,94,88,12,0.1363,12,7,0.5833,88,10,0.1136,12,7,0.5833
2025-07-08,5F,47,44,12,0.2727,4,2,0.5,44,10,0.2272,4,2,0.5
2025-07-08,6F,47,44,6,0.1363,4,2,0.5,44,6,0.1363,4,2,0.5
2025-07-08,合計,94,88,18,0.2045,8,4,0.5,88,16,0.1818,8,4,0.5
2025-07-09,5F,47,41,12,0.2926,2,2,1.0,41,8,0.1951,2,2,1.0
2025-07-09,6F,47,43,7,0.1627,3,1,0.3333,43,7,0.1627,3,1,0.3333
2025-07-09,合計,94,84,19,0.2261,5,3,0.6,84,15,0.1785,5,3,0.6
2025-07-10,5F,47,42,11,0.2619,2,1,0.5,42,9,0.2142,2,1,0.5
2025-07-10,6F,47,39,7,0.1794,3,2,0.6666,39,6,0.1538,3,2,0.6666
2025-07-10,合計,94,81,18,0.2222,5,3,0.6,81,15,0.1851,5,3,0.6
2025-07-11,5F,47,42,11,0.2619,3,3,1.0,42,7,0.1666,3,3,1.0
2025-07-11,6F,47,43,7,0.1627,5,2,0.4,43,6,0.1395,5,2,0.4
2025-07-11,合計,94,85,18,0.2117,8,5,0.625,85,13,0.1529,8,5,0.625
2025-07-12,5F,47,40,8,0.2,2,1,0.5,40,6,0.15,2,1,0.5
2025-07-12,6F,47,41,5,0.1219,0,0,0.0,41,6,0.1463,0,0,0.0
2025-07-12,合計,94,81,13,0.1604,2,1,0.5,81,12,0.1481,2,1,0.5
2025-07-13,5F,47,40,6,0.15,0,0,0.0,40,6,0.15,0,0,0.0
2025-07-13,6F,47,40,5,0.125,0,0,0.0,40,5,0.125,0,0,0.0
2025-07-13,合計,94,80,11,0.1375,0,0,0.0,80,11,0.1375,0,0,0.0
2025-07-14,5F,47,41,7,0.1707,6,2,0.3333,41,7,0.1707,6,2,0.3333
2025-07-14,6F,47,42,9,0.2142,4,4,1.0,42,7,0.1666,4,4,1.0
2025-07-14,合計,94,83,16,0.1927,10,6,0.6,83,14,0.1686,10,6,0.6
2025-07-15,5F,47,42,9,0.2142,6,4,0.6666,42,10,0.238,6,4,0.6666
2025-07-15,6F,47,41,13,0.317,5,4,0.8,41,9,0.2195,5,4,0.8
2025-07-15,合計,94,83,22,0.265,11,8,0.7272,83,19,0.2289,11,8,0.7272
2025-07-16,5F,47,42,7,0.1666,2,0,0.0,42,6,0.1428,2,0,0.0
2025-07-16,6F,47,44,9,0.2045,4,2,0.5,44,5,0.1136,4,2,0.5
2025-07-16,合計,94,86,16,0.186,6,2,0.3333,86,11,0.1279,6,2,0.3333
2025-07-17,5F,47,42,9,0.2142,3,2,0.6666,42,9,0.2142,3,2,0.6666
2025-07-17,6F,47,43,11,0.2558,2,1,0.5,43,8,0.186,2,1,0.5
2025-07-17,合計,94,85,20,0.2352,5,3,0.6,85,17,0.2,5,3,0.6
2025-07-18,5F,47,39,6,0.1538,1,0,0.0,39,6,0.1538,1,0,0.0
2025-07-18,6F,47,40,10,0.25,1,1,1.0,40,8,0.2,1,1,1.0
2025-07-18,合計,94,79,16,0.2025,2,1,0.5,79,14,0.1772,2,1,0.5
2025-07-19,5F,47,31,5,0.1612,0,0,0.0,31,5,0.1612,0,0,0.0
2025-07-19,6F,47,38,8,0.2105,0,0,0.0,38,7,0.1842,0,0,0.0
2025-07-19,合計,94,69,13,0.1884,0,0,0.0,69,12,0.1739,0,0,0.0
2025-07-20,5F,47,31,5,0.1612,0,0,0.0,31,5,0.1612,0,0,0.0
2025-07-20,6F,47,38,8,0.2105,0,0,0.0,38,6,0.1578,0,0,0.0
2025-07-20,合計,94,69,13,0.1884,0,0,0.0,69,11,0.1594,0,0,0.0
2025-07-21,5F,47,31,5,0.1612,0,0,0.0,31,5,0.1612,0,0,0.0
2025-07-21,6F,47,39,9,0.2307,1,1,1.0,39,7,0.1794,1,1,1.0
2025-07-21,合計,94,70,14,0.2,1,1,1.0,70,12,0.1714,1,1,1.0
2025-07-22,5F,47,36,6,0.1666,6,3,0.5,36,7,0.1944,6,3,0.5
2025-07-22,6F,47,40,10,0.25,4,1,0.25,40,7,0.175,4,1,0.25
2025-07-22,合計,94,76,16,0.2105,10,4,0.4,76,14,0.1842,10,4,0.4
2025-07-23,5F,47,38,5,0.1315,3,2,0.6666,38,5,0.1315,3,2,0.6666
2025-07-23,6F,47,35,6,0.1714,2,1,0.5,35,4,0.1142,2,1,0.5
2025-07-23,合計,94,73,11,0.1506,5,3,0.6,73,9,0.1232,5,3,0.6
2025-07-24,5F,47,36,7,0.1944,2,0,0.0,36,7,0.1944,2,0,0.0
2025-07-24,6F,47,35,7,0.2,3,2,0.6666,35,5,0.1428,3,2,0.6666
2025-07-24,合計,94,71,14,0.1971,5,2,0.4,71,12,0.169,5,2,0.4
2025-07-25,5F,47,38,8,0.2105,5,4,0.8,38,8,0.2105,5,4,0.8
2025-07-25,6F,47,36,9,0.25,5,1,0.2,36,7,0.1944,5,1,0.2
2025-07-25,合計,94,74,17,0.2297,10,5,0.5,74,15,0.2027,10,5,0.5
2025-07-26,5F,47,37,7,0.1891,3,1,0.3333,37,7,0.1891,3,1,0.3333
2025-07-26,6F,47,36,4,0.1111,2,2,1.0,36,3,0.0833,2,2,1.0
2025-07-26,合計,94,73,11,0.1506,5,3,0.6,73,10,0.1369,5,3,0.6
2025-07-27,5F,47,37,7,0.1891,0,0,0.0,37,7,0.1891,0,0,0.0
2025-07-27,6F,47,37,3,0.081,1,0,0.0,37,3,0.081,1,0,0.0
2025-07-27,合計,94,74,10,0.1351,1,0,0.0,74,10,0.1351,1,0,0.0
2025-07-28,5F,47,38,9,0.2368,3,0,0.0,38,10,0.2631,3,0,0.0
2025-07-28,6F,47,39,4,0.1025,3,2,0.6666,39,4,0.1025,3,2,0.6666
2025-07-28,合計,94,77,13,0.1688,6,2,0.3333,77,14,0.1818,6,2,0.3333
2025-07-29,5F,47,40,13,0.325,4,3,0.75,40,14,0.35,4,3,0.75
2025-07-29,6F,47,42,6,0.1428,5,4,0.8,42,7,0.1666,5,4,0.8
2025-07-29,合計,94,82,19,0.2317,9,7,0.7777,82,21,0.256,9,7,0.7777
2025-07-30,5F,47,42,10,0.238,6,5,0.8333,42,10,0.238,6,5,0.8333
2025-07-30,6F,47,43,7,0.1627,4,3,0.75,43,6,0.1395,4,3,0.75
2025-07-30,合計,94,85,17,0.2,10,8,0.8,85,16,0.1882,10,8,0.8
2025-07-31,5F,47,38,10,0.2631,1,1,1.0,38,10,0.2631,1,1,1.0
2025-07-31,6F,47,45,7,0.1555,2,1,0.5,45,6,0.1333,2,1,0.5
2025-07-31,合計,94,83,17,0.2048,3,2,0.6666,83,16,0.1927,3,2,0.6666
2025-08-01,5F,47,42,8,0.1904,5,3,0.6,42,6,0.1428,5,3,0.6
2025-08-01,6F,47,45,8,0.1777,3,0,0.0,45,8,0.1777,3,0,0.0
2025-08-01,合計,94,87,16,0.1839,8,3,0.375,87,14,0.1609,8,3,0.375
2025-08-02,5F,47,42,7,0.1666,3,1,0.3333,42,6,0.1428,3,1,0.3333
2025-08-02,6F,47,42,7,0.1666,2,2,1.0,42,4,0.0952,2,2,1.0
2025-08-02,合計,94,84,14,0.1666,5,3,0.6,84,10,0.119,5,3,0.6
2025-08-03,5F,47,42,6,0.1428,0,0,0.0,42,5,0.119,0,0,0.0
2025-08-03,6F,47,40,4,0.1,0,0,0.0,40,3,0.075,0,0,0.0
2025-08-03,合計,94,82,10,0.1219,0,0,0.0,82,8,0.0975,0,0,0.0
2025-08-04,5F,47,43,9,0.2093,4,1,0.25,43,9,0.2093,4,1,0.25
2025-08-04,6F,47,46,7,0.1521,6,4,0.6666,46,4,0.0869,6,4,0.6666
2025-08-04,合計,94,89,16,0.1797,10,5,0.5,89,13,0.146,10,5,0.5
2025-08-05,5F,47,43,11,0.2558,6,3,0.5,43,10,0.2325,6,3,0.5
2025-08-05,6F,47,46,7,0.1521,1,1,1.0,46,3,0.0652,1,1,1.0
2025-08-05,合計,94,89,18,0.2022,7,4,0.5714,89,13,0.146,7,4,0.5714
2025-08-06,5F,47,43,8,0.186,5,3,0.6,43,7,0.1627,5,3,0.6
2025-08-06,6F,47,46,8,0.1739,2,2,1.0,46,6,0.1304,2,2,1.0
2025-08-06,合計,94,89,16,0.1797,7,5,0.7142,89,13,0.146,7,5,0.7142
2025-08-07,5F,47,43,6,0.1395,4,3,0.75,43,6,0.1395,4,3,0.75
2025-08-07,6F,47,46,7,0.1521,3,2,0.6666,46,4,0.0869,3,2,0.6666
2025-08-07,合計,94,89,13,0.146,7,5,0.7142,89,10,0.1123,7,5,0.7142
2025-08-08,5F,47,45,8,0.1777,4,1,0.25,45,9,0.2,4,1,0.25
2025-08-08,6F,47,47,8,0.1702,4,3,0.75,47,5,0.1063,4,3,0.75
2025-08-08,合計,94,92,16,0.1739,8,4,0.5,92,14,0.1521,8,4,0.5
2025-08-09,5F,47,43,8,0.186,3,0,0.0,43,7,0.1627,3,0,0.0
2025-08-09,6F,47,44,7,0.159,2,1,0.5,44,4,0.0909,2,1,0.5
2025-08-09,合計,94,87,15,0.1724,5,1,0.2,87,11,0.1264,5,1,0.2
2025-08-10,5F,47,43,8,0.186,0,0,0.0,43,7,0.1627,0,0,0.0
2025-08-10,6F,47,42,5,0.119,0,0,0.0,42,3,0.0714,0,0,0.0
2025-08-10,合計,94,85,13,0.1529,0,0,0.0,85,10,0.1176,0,0,0.0
2025-08-11,5F,47,43,6,0.1395,0,0,0.0,43,5,0.1162,0,0,0.0
2025-08-11,6F,47,42,5,0.119,0,0,0.0,42,3,0.0714,0,0,0.0
2025-08-11,合計,94,85,11,0.1294,0,0,0.0,85,8,0.0941,0,0,0.0
2025-08-12,5F,47,43,8,0.186,2,0,0.0,43,9,0.2093,2,0,0.0
2025-08-12,6F,47,44,8,0.1818,5,4,0.8,44,5,0.1136,5,4,0.8
2025-08-12,合計,94,87,16,0.1839,7,4,0.5714,87,14,0.1609,7,4,0.5714
2025-08-13,5F,47,42,9,0.2142,4,2,0.5,42,8,0.1904,4,2,0.5
2025-08-13,6F,47,42,6,0.1428,5,2,0.4,42,4,0.0952,5,2,0.4
2025-08-13,合計,94,84,15,0.1785,9,4,0.4444,84,12,0.1428,9,4,0.4444
2025-08-14,5F,47,40,10,0.25,3,2,0.6666,40,9,0.225,3,2,0.6666
2025-08-14,6F,47,43,10,0.2325,6,3,0.5,43,6,0.1395,6,3,0.5
2025-08-14,合計,94,83,20,0.2409,9,5,0.5555,83,15,0.1807,9,5,0.5555
2025-08-15,5F,47,36,10,0.2777,0,0,0.0,36,9,0.25,0,0,0.0
2025-08-15,6F,47,38,11,0.2894,2,1,0.5,38,7,0.1842,2,1,0.5
2025-08-15,合計,94,74,21,0.2837,2,1,0.5,74,16,0.2162,2,1,0.5
2025-08-16,5F,47,36,7,0.1944,2,2,1.0,36,7,0.1944,2,2,1.0
2025-08-16,6F,47,38,10,0.2631,1,1,1.0,38,6,0.1578,1,1,1.0
2025-08-16,合計,94,74,17,0.2297,3,3,1.0,74,13,0.1756,3,3,1.0
2025-08-17,5F,47,36,7,0.1944,0,0,0.0,36,6,0.1666,0,0,0.0
2025-08-17,6F,47,38,8,0.2105,0,0,0.0,38,5,0.1315,0,0,0.0
2025-08-17,合計,94,74,15,0.2027,0,0,0.0,74,11,0.1486,0,0,0.0
2025-08-18,5F,47,40,6,0.15,6,2,0.3333,40,6,0.15,6,2,0.3333
2025-08-18,6F,47,41,6,0.1463,6,0,0.0,41,4,0.0975,6,0,0.0
2025-08-18,合計,94,81,12,0.1481,12,2,0.1666,81,10,0.1234,12,2,0.1666
2025-08-19,5F,47,41,12,0.2926,3,2,0.6666,41,11,0.2682,3,2,0.6666
2025-08-19,6F,47,39,9,0.2307,4,3,0.75,39,7,0.1794,4,3,0.75
2025-08-19,合計,94,80,21,0.2625,7,5,0.7142,80,18,0.225,7,5,0.7142
2025-08-20,5F,47,43,12,0.279,7,6,0.8571,43,11,0.2558,7,6,0.8571
2025-08-20,6F,47,41,6,0.1463,5,2,0.4,41,5,0.1219,5,2,0.4
2025-08-20,合計,94,84,18,0.2142,12,8,0.6666,84,16,0.1904,12,8,0.6666
2025-08-21,5F,47,43,10,0.2325,3,3,1.0,43,9,0.2093,3,3,1.0
2025-08-21,6F,47,43,7,0.1627,4,2,0.5,43,6,0.1395,4,2,0.5
2025-08-21,合計,94,86,17,0.1976,7,5,0.7142,86,15,0.1744,7,5,0.7142
2025-08-22,5F,47,45,14,0.3111,2,2,1.0,45,12,0.2666,2,2,1.0
2025-08-22,6F,47,40,7,0.175,3,1,0.3333,40,7,0.175,3,1,0.3333
2025-08-22,合計,94,85,21,0.247,5,3,0.6,85,19,0.2235,5,3,0.6
2025-08-23,5F,47,41,10,0.2439,2,0,0.0,41,7,0.1707,2,0,0.0
2025-08-23,6F,47,40,9,0.225,1,1,1.0,40,8,0.2,1,1,1.0
2025-08-23,合計,94,81,19,0.2345,3,1,0.3333,81,15,0.1851,3,1,0.3333
2025-08-24,5F,47,40,7,0.175,0,0,0.0,40,6,0.15,0,0,0.0
2025-08-24,6F,47,41,7,0.1707,1,1,1.0,41,7,0.1707,1,1,1.0
2025-08-24,合計,94,81,14,0.1728,1,1,1.0,81,13,0.1604,1,1,1.0
2025-08-25,5F,47,42,10,0.238,5,4,0.8,42,9,0.2142,5,4,0.8
2025-08-25,6F,47,39,8,0.2051,3,3,1.0,39,8,0.2051,3,3,1.0
2025-08-25,合計,94,81,18,0.2222,8,7,0.875,81,17,0.2098,8,7,0.875
2025-08-26,5F,47,43,11,0.2558,5,4,0.8,43,8,0.186,5,4,0.8
2025-08-26,6F,47,37,7,0.1891,4,3,0.75,37,7,0.1891,4,3,0.75
2025-08-26,合計,94,80,18,0.225,9,7,0.7777,80,15,0.1875,9,7,0.7777
2025-08-27,5F,47,38,10,0.2631,2,2,1.0,38,7,0.1842,2,2,1.0
2025-08-27,6F,47,38,10,0.2631,4,4,1.0,38,9,0.2368,4,4,1.0
2025-08-27,合計,94,76,20,0.2631,6,6,1.0,76,16,0.2105,6,6,1.0
2025-08-28,5F,47,38,7,0.1842,2,1,0.5,38,5,0.1315,2,1,0.5
2025-08-28,6F,47,41,10,0.2439,3,2,0.6666,41,9,0.2195,3,2,0.6666
2025-08-28,合計,94,79,17,0.2151,5,3,0.6,79,14,0.1772,5,3,0.6
2025-08-29,5F,47,38,6,0.1578,2,1,0.5,38,7,0.1842,2,1,0.5
2025-08-29,6F,47,39,11,0.282,3,2,0.6666,39,9,0.2307,3,2,0.6666
2025-08-29,合計,94,77,17,0.2207,5,3,0.6,77,16,0.2077,5,3,0.6
2025-08-30,5F,47,37,7,0.1891,0,0,0.0,37,6,0.1621,0,0,0.0
2025-08-30,6F,47,35,10,0.2857,1,1,1.0,35,10,0.2857,1,1,1.0
2025-08-30,合計,94,72,17,0.2361,1,1,1.0,72,16,0.2222,1,1,1.0
2025-08-31,5F,47,38,8,0.2105,1,1,1.0,38,6,0.1578,1,1,1.0
2025-08-31,6F,47,34,10,0.2941,0,0,0.0,34,9,0.2647,0,0,0.0
2025-08-31,合計,94,72,18,0.25,1,1,1.0,72,15,0.2083,1,1,1.0
2025-09-01,5F,47,44,9,0.2045,6,3,0.5,44,6,0.1363,6,3,0.5
2025-09-01,6F,47,39,11,0.282,7,5,0.7142,39,9,0.2307,7,5,0.7142
2025-09-01,合計,94,83,20,0.2409,13,8,0.6153,83,15,0.1807,13,8,0.6153
2025-09-02,5F,47,44,10,0.2272,2,2,1.0,44,6,0.1363,2,2,1.0
2025-09-02,6F,47,38,11,0.2894,2,1,0.5,38,9,0.2368,2,1,0.5
2025-09-02,合計,94,82,21,0.256,4,3,0.75,82,15,0.1829,4,3,0.75
2025-09-03,5F,47,41,10,0.2439,1,1,1.0,41,5,0.1219,1,1,1.0
2025-09-03,6F,47,32,8,0.25,0,0,0.0,32,8,0.25,0,0,0.0
2025-09-03,合計,94,73,18,0.2465,1,1,1.0,73,13,0.178,1,1,1.0
2025-09-04,5F,47,39,8,0.2051,1,0,0.0,39,6,0.1538,1,0,0.0
2025-09-04,6F,47,35,8,0.2285,7,4,0.5714,35,6,0.1714,7,4,0.5714
2025-09-04,合計,94,74,16,0.2162,8,4,0.5,74,12,0.1621,8,4,0.5
2025-09-05,5F,47,37,8,0.2162,1,1,1.0,37,6,0.1621,1,1,1.0
2025-09-05,6F,47,34,9,0.2647,1,1,1.0,34,8,0.2352,1,1,1.0
2025-09-05,合計,94,71,17,0.2394,2,2,1.0,71,14,0.1971,2,2,1.0
2025-09-06,5F,47,36,7,0.1944,1,1,1.0,36,4,0.1111,1,1,1.0
2025-09-06,6F,47,34,8,0.2352,0,0,0.0,34,7,0.2058,0,0,0.0
2025-09-06,合計,94,70,15,0.2142,1,1,1.0,70,11,0.1571,1,1,1.0
2025-09-07,5F,47,36,6,0.1666,0,0,0.0,36,4,0.1111,0,0,0.0
2025-09-07,6F,47,34,8,0.2352,0,0,0.0,34,7,0.2058,0,0,0.0
2025-09-07,合計,94,70,14,0.2,0,0,0.0,70,11,0.1571,0,0,0.0
2025-09-08,5F,47,41,6,0.1463,6,2,0.3333,41,6,0.1463,6,2,0.3333
2025-09-08,6F,47,38,7,0.1842,5,1,0.2,38,6,0.1578,5,1,0.2
2025-09-08,合計,94,79,13,0.1645,11,3,0.2727,79,12,0.1518,11,3,0.2727
2025-09-09,5F,47,43,7,0.1627,4,2,0.5,43,6,0.1395,4,2,0.5
2025-09-09,6F,47,36,6,0.1666,3,2,0.6666,36,6,0.1666,3,2,0.6666
2025-09-09,合計,94,79,13,0.1645,7,4,0.5714,79,12,0.1518,7,4,0.5714
2025-09-10,5F,47,44,7,0.159,4,3,0.75,44,6,0.1363,4,3,0.75
2025-09-10,6F,47,42,6,0.1428,8,5,0.625,42,6,0.1428,8,5,0.625
2025-09-10,合計,94,86,13,0.1511,12,8,0.6666,86,12,0.1395,12,8,0.6666
2025-09-11,5F,47,38,7,0.1842,1,0,0.0,38,7,0.1842,1,0,0.0
2025-09-11,6F,47,41,5,0.1219,2,0,0.0,41,4,0.0975,2,0,0.0
2025-09-11,合計,94,79,12,0.1518,3,0,0.0,79,11,0.1392,3,0,0.0
2025-09-12,5F,47,37,7,0.1891,2,1,0.5,37,6,0.1621,2,1,0.5
2025-09-12,6F,47,37,5,0.1351,1,1,1.0,37,4,0.1081,1,1,1.0
2025-09-12,合計,94,74,12,0.1621,3,2,0.6666,74,10,0.1351,3,2,0.6666
2025-09-13,5F,47,33,7,0.2121,2,1,0.5,33,5,0.1515,2,1,0.5
2025-09-13,6F,47,36,4,0.1111,1,1,1.0,36,4,0.1111,1,1,1.0
2025-09-13,合計,94,69,11,0.1594,3,2,0.6666,69,9,0.1304,3,2,0.6666
2025-09-14,5F,47,32,6,0.1875,0,0,0.0,32,5,0.1562,0,0,0.0
2025-09-14,6F,47,36,3,0.0833,0,0,0.0,36,3,0.0833,0,0,0.0
2025-09-14,合計,94,68,9,0.1323,0,0,0.0,68,8,0.1176,0,0,0.0
2025-09-15,5F,47,32,5,0.1562,0,0,0.0,32,5,0.1562,0,0,0.0
2025-09-15,6F,47,36,3,0.0833,0,0,0.0,36,3,0.0833,0,0,0.0
2025-09-15,合計,94,68,8,0.1176,0,0,0.0,68,8,0.1176,0,0,0.0
2025-09-16,5F,47,36,7,0.1944,7,4,0.5714,36,6,0.1666,7,4,0.5714
2025-09-16,6F,47,35,6,0.1714,5,3,0.6,35,4,0.1142,5,3,0.6
2025-09-16,合計,94,71,13,0.183,12,7,0.5833,71,10,0.1408,12,7,0.5833
2025-09-17,5F,47,31,6,0.1935,1,0,0.0,31,6,0.1935,1,0,0.0
2025-09-17,6F,47,38,5,0.1315,6,2,0.3333,38,3,0.0789,6,2,0.3333
2025-09-17,合計,94,69,11,0.1594,7,2,0.2857,69,9,0.1304,7,2,0.2857
2025-09-18,5F,47,30,6,0.2,3,2,0.6666,30,6,0.2,3,2,0.6666
2025-09-18,6F,47,35,5,0.1428,0,0,0.0,35,3,0.0857,0,0,0.0
2025-09-18,合計,94,65,11,0.1692,3,2,0.6666,65,9,0.1384,3,2,0.6666
2025-09-19,5F,47,30,7,0.2333,3,2,0.6666,30,5,0.1666,3,2,0.6666
2025-09-19,6F,47,34,7,0.2058,2,1,0.5,34,5,0.147,2,1,0.5
2025-09-19,合計,94,64,14,0.2187,5,3,0.6,64,10,0.1562,5,3,0.6
2025-09-20,5F,47,31,8,0.258,1,1,1.0,31,6,0.1935,1,1,1.0
2025-09-20,6F,47,32,5,0.1562,1,1,1.0,32,5,0.1562,1,1,1.0
2025-09-20,合計,94,63,13,0.2063,2,2,1.0,63,11,0.1746,2,2,1.0
2025-09-21,5F,47,32,6,0.1875,1,0,0.0,32,5,0.1562,1,0,0.0
2025-09-21,6F,47,32,5,0.1562,0,0,0.0,32,4,0.125,0,0,0.0
2025-09-21,合計,94,64,11,0.1718,1,0,0.0,64,9,0.1406,1,0,0.0
2025-09-22,5F,47,35,5,0.1428,7,5,0.7142,35,5,0.1428,7,5,0.7142
2025-09-22,6F,47,37,8,0.2162,5,5,1.0,37,5,0.1351,5,5,1.0
2025-09-22,合計,94,72,13,0.1805,12,10,0.8333,72,10,0.1388,12,10,0.8333
2025-09-23,5F,47,34,4,0.1176,0,0,0.0,34,3,0.0882,0,0,0.0
2025-09-23,6F,47,37,5,0.1351,0,0,0.0,37,2,0.054,0,0,0.0
2025-09-23,合計,94,71,9,0.1267,0,0,0.0,71,5,0.0704,0,0,0.0
2025-09-24,5F,47,36,7,0.1944,4,4,1.0,36,5,0.1388,4,4,1.0
2025-09-24,6F,47,41,7,0.1707,5,1,0.2,41,6,0.1463,5,1,0.2
2025-09-24,合計,94,77,14,0.1818,9,5,0.5555,77,11,0.1428,9,5,0.5555
2025-09-25,5F,47,34,7,0.2058,1,0,0.0,34,6,0.1764,1,0,0.0
2025-09-25,6F,47,41,7,0.1707,4,3,0.75,41,5,0.1219,4,3,0.75
2025-09-25,合計,94,75,14,0.1866,5,3,0.6,75,11,0.1466,5,3,0.6
2025-09-26,5F,47,33,7,0.2121,2,1,0.5,33,5,0.1515,2,1,0.5
2025-09-26,6F,47,37,8,0.2162,1,1,1.0,37,6,0.1621,1,1,1.0
2025-09-26,合計,94,70,15,0.2142,3,2,0.6666,70,11,0.1571,3,2,0.6666
2025-09-27,5F,47,27,6,0.2222,0,0,0.0,27,5,0.1851,0,0,0.0
2025-09-27,6F,47,33,4,0.1212,0,0,0.0,33,3,0.0909,0,0,0.0
2025-09-27,合計,94,60,10,0.1666,0,0,0.0,60,8,0.1333,0,0,0.0
2025-09-28,5F,47,27,6,0.2222,0,0,0.0,27,5,0.1851,0,0,0.0
2025-09-28,6F,47,33,2,0.0606,0,0,0.0,33,2,0.0606,0,0,0.0
2025-09-28,合計,94,60,8,0.1333,0,0,0.0,60,7,0.1166,0,0,0.0
2025-09-29,5F,47,33,5,0.1515,8,1,0.125,33,5,0.1515,8,1,0.125
2025-09-29,6F,47,34,5,0.147,5,1,0.2,34,5,0.147,5,1,0.2
2025-09-29,合計,94,67,10,0.1492,13,2,0.1538,67,10,0.1492,13,2,0.1538
2025-09-30,5F,47,31,5,0.1612,2,2,1.0,31,4,0.129,2,2,1.0
2025-09-30,6F,47,34,6,0.1764,4,2,0.5,34,4,0.1176,4,2,0.5
2025-09-30,合計,94,65,11,0.1692,6,4,0.6666,65,8,0.123,6,4,0.6666
2025-10-01,5F,47,33,6,0.1818,3,1,0.3333,33,5,0.1515,3,1,0.3333
2025-10-01,6F,47,34,6,0.1764,3,1,0.3333,34,4,0.1176,3,1,0.3333
2025-10-01,合計,94,67,12,0.1791,6,2,0.3333,67,9,0.1343,6,2,0.3333
2025-10-02,5F,47,33,6,0.1818,0,0,0.0,33,6,0.1818,0,0,0.0
2025-10-02,6F,47,34,6,0.1764,1,1,1.0,34,5,0.147,1,1,1.0
2025-10-02,合計,94,67,12,0.1791,1,1,1.0,67,11,0.1641,1,1,1.0
2025-10-03,5F,47,32,5,0.1562,2,0,0.0,32,5,0.1562,2,0,0.0
2025-10-03,6F,47,35,6,0.1714,5,2,0.4,35,6,0.1714,5,2,0.4
2025-10-03,合計,94,67,11,0.1641,7,2,0.2857,67,11,0.1641,7,2,0.2857
2025-10-04,5F,47,27,4,0.1481,1,0,0.0,27,4,0.1481,1,0,0.0
2025-10-04,6F,47,30,4,0.1333,0,0,0.0,30,4,0.1333,0,0,0.0
2025-10-04,合計,94,57,8,0.1403,1,0,0.0,57,8,0.1403,1,0,0.0
2025-10-05,5F,47,26,4,0.1538,0,0,0.0,26,4,0.1538,0,0,0.0
2025-10-05,6F,47,30,4,0.1333,0,0,0.0,30,4,0.1333,0,0,0.0
2025-10-05,合計,94,56,8,0.1428,0,0,0.0,56,8,0.1428,0,0,0.0
2025-10-06,5F,47,31,3,0.0967,5,3,0.6,31,3,0.0967,5,3,0.6
2025-10-06,6F,47,33,6,0.1818,3,1,0.3333,33,5,0.1515,3,1,0.3333
2025-10-06,合計,94,64,9,0.1406,8,4,0.5,64,8,0.125,8,4,0.5
2025-10-07,5F,47,33,3,0.0909,3,1,0.3333,33,3,0.0909,3,1,0.3333
2025-10-07,6F,47,33,5,0.1515,3,1,0.3333,33,4,0.1212,3,1,0.3333
2025-10-07,合計,94,66,8,0.1212,6,2,0.3333,66,7,0.106,6,2,0.3333
2025-10-08,5F,47,38,3,0.0789,6,3,0.5,38,4,0.1052,6,3,0.5
2025-10-08,6F,47,34,5,0.147,3,2,0.6666,34,3,0.0882,3,2,0.6666
2025-10-08,合計,94,72,8,0.1111,9,5,0.5555,72,7,0.0972,9,5,0.5555
2025-10-09,5F,47,40,5,0.125,5,4,0.8,40,4,0.1,5,4,0.8
2025-10-09,6F,47,34,3,0.0882,5,4,0.8,34,3,0.0882,5,4,0.8
2025-10-09,合計,94,74,8,0.1081,10,8,0.8,74,7,0.0945,10,8,0.8
2025-10-10,5F,47,39,4,0.1025,1,1,1.0,39,3,0.0769,1,1,1.0
2025-10-10,6F,47,39,7,0.1794,6,3,0.5,39,5,0.1282,6,3,0.5
2025-10-10,合計,94,78,11,0.141,7,4,0.5714,78,8,0.1025,7,4,0.5714
2025-10-11,5F,47,36,3,0.0833,0,0,0.0,36,3,0.0833,0,0,0.0
2025-10-11,6F,47,37,7,0.1891,2,2,1.0,37,5,0.1351,2,2,1.0
2025-10-11,合計,94,73,10,0.1369,2,2,1.0,73,8,0.1095,2,2,1.0
2025-10-12,5F,47,35,3,0.0857,0,0,0.0,35,3,0.0857,0,0,0.0
2025-10-12,6F,47,37,5,0.1351,0,0,0.0,37,4,0.1081,0,0,0.0
2025-10-12,合計,94,72,8,0.1111,0,0,0.0,72,7,0.0972,0,0,0.0
2025-10-13,5F,47,35,3,0.0857,0,0,0.0,35,3,0.0857,0,0,0.0
2025-10-13,6F,47,37,5,0.1351,0,0,0.0,37,4,0.1081,0,0,0.0
2025-10-13,合計,94,72,8,0.1111,0,0,0.0,72,7,0.0972,0,0,0.0
2025-10-14,5F,47,37,4,0.1081,5,3,0.6,37,4,0.1081,5,3,0.6
2025-10-14,6F,47,39,5,0.1282,4,3,0.75,39,3,0.0769,4,3,0.75
2025-10-14,合計,94,76,9,0.1184,9,6,0.6666,76,7,0.0921,9,6,0.6666
2025-10-15,5F,47,34,2,0.0588,3,2,0.6666,34,3,0.0882,3,2,0.6666
2025-10-15,6F,47,41,6,0.1463,5,1,0.2,41,3,0.0731,5,1,0.2
2025-10-15,合計,94,75,8,0.1066,8,3,0.375,75,6,0.08,8,3,0.375
2025-10-16,5F,47,33,8,0.2424,4,2,0.5,33,7,0.2121,4,2,0.5
2025-10-16,6F,47,41,6,0.1463,2,0,0.0,41,5,0.1219,2,0,0.0
2025-10-16,合計,94,74,14,0.1891,6,2,0.3333,74,12,0.1621,6,2,0.3333
2025-10-17,5F,47,34,5,0.147,4,2,0.5,34,2,0.0588,4,2,0.5
2025-10-17,6F,47,36,4,0.1111,2,2,1.0,36,3,0.0833,2,2,1.0
2025-10-17,合計,94,70,9,0.1285,6,4,0.6666,70,5,0.0714,6,4,0.6666
2025-10-18,5F,47,32,5,0.1562,3,2,0.6666,32,4,0.125,3,2,0.6666
2025-10-18,6F,47,37,2,0.054,1,0,0.0,37,2,0.054,1,0,0.0
2025-10-18,合計,94,69,7,0.1014,4,2,0.5,69,6,0.0869,4,2,0.5
2025-10-19,5F,47,31,5,0.1612,0,0,0.0,31,4,0.129,0,0,0.0
2025-10-19,6F,47,37,3,0.081,0,0,0.0,37,3,0.081,0,0,0.0
2025-10-19,合計,94,68,8,0.1176,0,0,0.0,68,7,0.1029,0,0,0.0
2025-10-20,5F,47,38,5,0.1315,7,3,0.4285,38,5,0.1315,7,3,0.4285
2025-10-20,6F,47,41,4,0.0975,5,3,0.6,41,3,0.0731,5,3,0.6
2025-10-20,合計,94,79,9,0.1139,12,6,0.5,79,8,0.1012,12,6,0.5
2025-10-21,5F,47,42,7,0.1666,4,3,0.75,42,7,0.1666,4,3,0.75
2025-10-21,6F,47,40,5,0.125,6,5,0.8333,40,3,0.075,6,5,0.8333
2025-10-21,合計,94,82,12,0.1463,10,8,0.8,82,10,0.1219,10,8,0.8
2025-10-22,5F,47,42,10,0.238,3,2,0.6666,42,10,0.238,3,2,0.6666
2025-10-22,6F,47,42,7,0.1666,4,2,0.5,42,4,0.0952,4,2,0.5
2025-10-22,合計,94,84,17,0.2023,7,4,0.5714,84,14,0.1666,7,4,0.5714
2025-10-23,5F,47,43,8,0.186,3,1,0.3333,43,8,0.186,3,1,0.3333
2025-10-23,6F,47,42,8,0.1904,5,3,0.6,42,5,0.119,5,3,0.6
2025-10-23,合計,94,85,16,0.1882,8,4,0.5,85,13,0.1529,8,4,0.5
2025-10-24,5F,47,45,8,0.1777,6,1,0.1666,45,8,0.1777,6,1,0.1666
2025-10-24,6F,47,42,7,0.1666,6,4,0.6666,42,5,0.119,6,4,0.6666
2025-10-24,合計,94,87,15,0.1724,12,5,0.4166,87,13,0.1494,12,5,0.4166
2025-10-25,5F,47,43,7,0.1627,2,0,0.0,43,7,0.1627,2,0,0.0
2025-10-25,6F,47,39,7,0.1794,0,0,0.0,39,6,0.1538,0,0,0.0
2025-10-25,合計,94,82,14,0.1707,2,0,0.0,82,13,0.1585,2,0,0.0
2025-10-26,5F,47,42,4,0.0952,0,0,0.0,42,4,0.0952,0,0,0.0
2025-10-26,6F,47,39,7,0.1794,0,0,0.0,39,6,0.1538,0,0,0.0
2025-10-26,合計,94,81,11,0.1358,0,0,0.0,81,10,0.1234,0,0,0.0
2025-10-27,5F,47,43,6,0.1395,4,3,0.75,43,6,0.1395,4,3,0.75
2025-10-27,6F,47,39,7,0.1794,2,0,0.0,39,6,0.1538,2,0,0.0
2025-10-27,合計,94,82,13,0.1585,6,3,0.5,82,12,0.1463,6,3,0.5
2025-10-28,5F,47,45,6,0.1333,5,3,0.6,45,6,0.1333,5,3,0.6
2025-10-28,6F,47,41,8,0.1951,3,0,0.0,41,7,0.1707,3,0,0.0
2025-10-28,合計,94,86,14,0.1627,8,3,0.375,86,13,0.1511,8,3,0.375
2025-10-29,5F,47,43,9,0.2093,2,1,0.5,43,9,0.2093,2,1,0.5
2025-10-29,6F,47,42,7,0.1666,2,1,0.5,42,6,0.1428,2,1,0.5
2025-10-29,合計,94,85,16,0.1882,4,2,0.5,85,15,0.1764,4,2,0.5
2025-10-30,5F,47,46,8,0.1739,5,3,0.6,46,9,0.1956,5,3,0.6
2025-10-30,6F,47,44,9,0.2045,6,4,0.6666,44,7,0.159,6,4,0.6666
2025-10-30,合計,94,90,17,0.1888,11,7,0.6363,90,16,0.1777,11,7,0.6363
2025-10-31,5F,47,42,8,0.1904,1,1,1.0,42,8,0.1904,1,1,1.0
2025-10-31,6F,47,42,7,0.1666,2,2,1.0,42,4,0.0952,2,2,1.0
2025-10-31,合計,94,84,15,0.1785,3,3,1.0,84,12,0.1428,3,3,1.0
2025-11-01,5F,47,42,4,0.0952,2,0,0.0,42,4,0.0952,2,0,0.0
2025-11-01,6F,47,42,6,0.1428,1,0,0.0,42,4,0.0952,1,0,0.0
2025-11-01,合計,94,84,10,0.119,3,0,0.0,84,8,0.0952,3,0,0.0
2025-11-02,5F,47,42,3,0.0714,0,0,0.0,42,3,0.0714,0,0,0.0
2025-11-02,6F,47,42,5,0.119,0,0,0.0,42,4,0.0952,0,0,0.0
2025-11-02,合計,94,84,8,0.0952,0,0,0.0,84,7,0.0833,0,0,0.0
2025-11-03,5F,47,42,3,0.0714,0,0,0.0,42,3,0.0714,0,0,0.0
2025-11-03,6F,47,42,5,0.119,0,0,0.0,42,4,0.0952,0,0,0.0
2025-11-03,合計,94,84,8,0.0952,0,0,0.0,84,7,0.0833,0,0,0.0
2025-11-04,5F,47,47,9,0.1914,6,3,0.5,47,7,0.1489,6,3,0.5
2025-11-04,6F,47,48,10,0.2083,9,4,0.4444,48,9,0.1875,9,4,0.4444
2025-11-04,合計,94,95,19,0.2,15,7,0.4666,95,16,0.1684,15,7,0.4666
2025-11-05,5F,47,47,10,0.2127,4,4,1.0,47,8,0.1702,4,4,1.0
2025-11-05,6F,47,48,5,0.1041,4,1,0.25,48,4,0.0833,4,1,0.25
2025-11-05,合計,94,95,15,0.1578,8,5,0.625,95,12,0.1263,8,5,0.625
2025-11-06,5F,47,48,9,0.1875,4,3,0.75,48,9,0.1875,4,3,0.75
2025-11-06,6F,47,47,7,0.1489,3,1,0.3333,47,6,0.1276,3,1,0.3333
2025-11-06,合計,94,95,16,0.1684,7,4,0.5714,95,15,0.1578,7,4,0.5714
2025-11-07,5F,47,46,7,0.1521,4,1,0.25,46,7,0.1521,4,1,0.25
2025-11-07,6F,47,46,6,0.1304,2,1,0.5,46,5,0.1086,2,1,0.5
2025-11-07,合計,94,92,13,0.1413,6,2,0.3333,92,12,0.1304,6,2,0.3333
2025-11-08,5F,47,46,7,0.1521,2,2,1.0,46,6,0.1304,2,2,1.0
2025-11-08,6F,47,41,6,0.1463,2,2,1.0,41,6,0.1463,2,2,1.0
2025-11-08,合計,94,87,13,0.1494,4,4,1.0,87,12,0.1379,4,4,1.0
2025-11-09,5F,47,46,6,0.1304,0,0,0.0,46,6,0.1304,0,0,0.0
2025-11-09,6F,47,41,6,0.1463,0,0,0.0,41,6,0.1463,0,0,0.0
2025-11-09,合計,94,87,12,0.1379,0,0,0.0,87,12,0.1379,0,0,0.0
2025-11-10,5F,47,45,9,0.2,3,1,0.3333,45,9,0.2,3,1,0.3333
2025-11-10,6F,47,45,7,0.1555,7,4,0.5714,45,7,0.1555,7,4,0.5714
2025-11-10,合計,94,90,16,0.1777,10,5,0.5,90,16,0.1777,10,5,0.5
2025-11-11,5F,47,46,9,0.1956,5,2,0.4,46,9,0.1956,5,2,0.4
2025-11-11,6F,47,45,6,0.1333,4,3,0.75,45,5,0.1111,4,3,0.75
2025-11-11,合計,94,91,15,0.1648,9,5,0.5555,91,14,0.1538,9,5,0.5555
2025-11-12,5F,47,45,7,0.1555,3,1,0.3333,45,7,0.1555,3,1,0.3333
2025-11-12,6F,47,46,7,0.1521,3,2,0.6666,46,6,0.1304,3,2,0.6666
2025-11-12,合計,94,91,14,0.1538,6,3,0.5,91,13,0.1428,6,3,0.5
2025-11-13,5F,47,47,9,0.1914,6,3,0.5,47,9,0.1914,6,3,0.5
2025-11-13,6F,47,46,7,0.1521,4,4,1.0,46,6,0.1304,4,4,1.0
2025-11-13,合計,94,93,16,0.172,10,7,0.7,93,15,0.1612,10,7,0.7
2025-11-14,5F,47,44,9,0.2045,1,0,0.0,44,9,0.2045,1,0,0.0
2025-11-14,6F,47,46,5,0.1086,3,1,0.3333,46,5,0.1086,3,1,0.3333
2025-11-14,合計,94,90,14,0.1555,4,1,0.25,90,14,0.1555,4,1,0.25
2025-11-15,5F,47,42,7,0.1666,2,2,1.0,42,7,0.1666,2,2,1.0
2025-11-15,6F,47,42,5,0.119,0,0,0.0,42,5,0.119,0,0,0.0
2025-11-15,合計,94,84,12,0.1428,2,2,1.0,84,12,0.1428,2,2,1.0
2025-11-16,5F,47,42,5,0.119,0,0,0.0,42,5,0.119,0,0,0.0
2025-11-16,6F,47,42,4,0.0952,0,0,0.0,42,4,0.0952,0,0,0.0
2025-11-16,合計,94,84,9,0.1071,0,0,0.0,84,9,0.1071,0,0,0.0
2025-11-17,5F,47,47,7,0.1489,7,3,0.4285,47,9,0.1914,7,3,0.4285
2025-11-17,6F,47,44,8,0.1818,6,2,0.3333,44,8,0.1818,6,2,0.3333
2025-11-17,合計,94,91,15,0.1648,13,5,0.3846,91,17,0.1868,13,5,0.3846
2025-11-18,5F,47,46,7,0.1521,4,0,0.0,46,7,0.1521,4,0,0.0
2025-11-18,6F,47,44,9,0.2045,3,1,0.3333,44,8,0.1818,3,1,0.3333
2025-11-18,合計,94,90,16,0.1777,7,1,0.1428,90,15,0.1666,7,1,0.1428
2025-11-19,5F,47,45,9,0.2,3,1,0.3333,45,9,0.2,3,1,0.3333
2025-11-19,6F,47,45,8,0.1777,4,2,0.5,45,6,0.1333,4,2,0.5
2025-11-19,合計,94,90,17,0.1888,7,3,0.4285,90,15,0.1666,7,3,0.4285
2025-11-20,5F,47,41,6,0.1463,1,1,1.0,41,6,0.1463,1,1,1.0
2025-11-20,6F,47,43,8,0.186,4,1,0.25,43,7,0.1627,4,1,0.25
2025-11-20,合計,94,84,14,0.1666,5,2,0.4,84,13,0.1547,5,2,0.4
2025-11-21,5F,47,41,7,0.1707,2,0,0.0,41,7,0.1707,2,0,0.0
2025-11-21,6F,47,40,4,0.1,1,0,0.0,40,3,0.075,1,0,0.0
2025-11-21,合計,94,81,11,0.1358,3,0,0.0,81,10,0.1234,3,0,0.0
2025-11-22,5F,47,40,4,0.1,2,0,0.0,40,4,0.1,2,0,0.0
2025-11-22,6F,47,38,4,0.1052,1,1,1.0,38,3,0.0789,1,1,1.0
2025-11-22,合計,94,78,8,0.1025,3,1,0.3333,78,7,0.0897,3,1,0.3333
2025-11-23,5F,47,40,5,0.125,0,0,0.0,40,5,0.125,0,0,0.0
2025-11-23,6F,47,38,4,0.1052,0,0,0.0,38,4,0.1052,0,0,0.0
2025-11-23,合計,94,78,9,0.1153,0,0,0.0,78,9,0.1153,0,0,0.0
2025-11-24,5F,47,40,4,0.1,0,0,0.0,40,4,0.1,0,0,0.0
2025-11-24,6F,47,38,5,0.1315,0,0,0.0,38,4,0.1052,0,0,0.0
2025-11-24,合計,94,78,9,0.1153,0,0,0.0,78,8,0.1025,0,0,0.0
2025-11-25,5F,47,39,7,0.1794,4,3,0.75,39,5,0.1282,4,3,0.75
2025-11-25,6F,47,39,7,0.1794,4,2,0.5,39,4,0.1025,4,2,0.5
2025-11-25,合計,94,78,14,0.1794,8,5,0.625,78,9,0.1153,8,5,0.625
2025-11-26,5F,47,40,8,0.2,4,2,0.5,40,5,0.125,4,2,0.5
2025-11-26,6F,47,43,9,0.2093,6,2,0.3333,43,6,0.1395,6,2,0.3333
2025-11-26,合計,94,83,17,0.2048,10,4,0.4,83,11,0.1325,10,4,0.4
2025-11-27,5F,47,41,6,0.1463,4,1,0.25,41,6,0.1463,4,1,0.25
2025-11-27,6F,47,40,7,0.175,2,1,0.5,40,7,0.175,2,1,0.5
2025-11-27,合計,94,81,13,0.1604,6,2,0.3333,81,13,0.1604,6,2,0.3333
2025-11-28,5F,47,40,6,0.15,1,0,0.0,40,6,0.15,1,0,0.0
2025-11-28,6F,47,39,8,0.2051,4,3,0.75,39,8,0.2051,4,3,0.75
2025-11-28,合計,94,79,14,0.1772,5,3,0.6,79,14,0.1772,5,3,0.6
2025-11-29,5F,47,37,7,0.1891,2,1,0.5,37,7,0.1891,2,1,0.5
2025-11-29,6F,47,38,8,0.2105,1,1,1.0,38,7,0.1842,1,1,1.0
2025-11-29,合計,94,75,15,0.2,3,2,0.6666,75,14,0.1866,3,2,0.6666
2025-11-30,5F,47,37,8,0.2162,1,0,0.0,37,6,0.1621,1,0,0.0
2025-11-30,6F,47,37,7,0.1891,0,0,0.0,37,6,0.1621,0,0,0.0
2025-11-30,合計,94,74,15,0.2027,1,0,0.0,74,12,0.1621,1,0,0.0
2025-12-01,5F,47,38,7,0.1842,4,2,0.5,38,8,0.2105,4,2,0.5
2025-12-01,6F,47,41,9,0.2195,4,1,0.25,41,6,0.1463,4,1,0.25
2025-12-01,合計,94,79,16,0.2025,8,3,0.375,79,14,0.1772,8,3,0.375
2025-12-02,5F,47,39,8,0.2051,2,2,1.0,39,8,0.2051,2,2,1.0
2025-12-02,6F,47,40,10,0.25,1,1,1.0,40,9,0.225,1,1,1.0
2025-12-02,合計,94,79,18,0.2278,3,3,1.0,79,17,0.2151,3,3,1.0
2025-12-03,5F,47,39,8,0.2051,2,0,0.0,39,8,0.2051,2,0,0.0
2025-12-03,6F,47,41,8,0.1951,2,0,0.0,41,7,0.1707,2,0,0.0
2025-12-03,合計,94,80,16,0.2,4,0,0.0,80,15,0.1875,4,0,0.0
2025-12-04,5F,47,39,6,0.1538,1,1,1.0,39,6,0.1538,1,1,1.0
2025-12-04,6F,47,40,9,0.225,3,3,1.0,40,7,0.175,3,3,1.0
2025-12-04,合計,94,79,15,0.1898,4,4,1.0,79,13,0.1645,4,4,1.0
2025-12-05,5F,47,36,8,0.2222,1,1,1.0,36,8,0.2222,1,1,1.0
2025-12-05,6F,47,38,7,0.1842,1,1,1.0,38,6,0.1578,1,1,1.0
2025-12-05,合計,94,74,15,0.2027,2,2,1.0,74,14,0.1891,2,2,1.0
2025-12-06,5F,47,35,5,0.1428,1,1,1.0,35,5,0.1428,1,1,1.0
2025-12-06,6F,47,36,7,0.1944,1,1,1.0,36,5,0.1388,1,1,1.0
2025-12-06,合計,94,71,12,0.169,2,2,1.0,71,10,0.1408,2,2,1.0
2025-12-07,5F,47,34,3,0.0882,0,0,0.0,34,3,0.0882,0,0,0.0
2025-12-07,6F,47,37,7,0.1891,1,1,1.0,37,5,0.1351,1,1,1.0
2025-12-07,合計,94,71,10,0.1408,1,1,1.0,71,8,0.1126,1,1,1.0
2025-12-08,5F,47,36,5,0.1388,4,0,0.0,36,5,0.1388,4,0,0.0
2025-12-08,6F,47,38,8,0.2105,3,1,0.3333,38,6,0.1578,3,1,0.3333
2025-12-08,合計,94,74,13,0.1756,7,1,0.1428,74,11,0.1486,7,1,0.1428
2025-12-09,5F,47,36,7,0.1944,2,1,0.5,36,7,0.1944,2,1,0.5
2025-12-09,6F,47,36,9,0.25,2,1,0.5,36,8,0.2222,2,1,0.5
2025-12-09,合計,94,72,16,0.2222,4,2,0.5,72,15,0.2083,4,2,0.5
2025-12-10,5F,47,34,7,0.2058,1,0,0.0,34,7,0.2058,1,0,0.0
2025-12-10,6F,47,37,8,0.2162,4,0,0.0,37,7,0.1891,4,0,0.0
2025-12-10,合計,94,71,15,0.2112,5,0,0.0,71,14,0.1971,5,0,0.0
2025-12-11,5F,47,36,9,0.25,3,3,1.0,36,9,0.25,3,3,1.0
2025-12-11,6F,47,37,7,0.1891,4,1,0.25,37,6,0.1621,4,1,0.25
2025-12-11,合計,94,73,16,0.2191,7,4,0.5714,73,15,0.2054,7,4,0.5714
2025-12-12,5F,47,37,9,0.2432,3,3,1.0,37,9,0.2432,3,3,1.0
2025-12-12,6F,47,36,7,0.1944,4,1,0.25,36,6,0.1666,4,1,0.25
2025-12-12,合計,94,73,16,0.2191,7,4,0.5714,73,15,0.2054,7,4,0.5714
2025-12-13,5F,47,36,9,0.25,0,0,0.0,36,9,0.25,0,0,0.0
2025-12-13,6F,47,36,8,0.2222,0,0,0.0,36,8,0.2222,0,0,0.0
2025-12-13,合計,94,72,17,0.2361,0,0,0.0,72,17,0.2361,0,0,0.0
2025-12-14,5F,47,36,6,0.1666,0,0,0.0,36,6,0.1666,0,0,0.0
2025-12-14,6F,47,36,8,0.2222,0,0,0.0,36,7,0.1944,0,0,0.0
2025-12-14,合計,94,72,14,0.1944,0,0,0.0,72,13,0.1805,0,0,0.0
2025-12-15,5F,47,39,5,0.1282,6,1,0.1666,39,7,0.1794,6,1,0.1666
2025-12-15,6F,47,41,13,0.317,6,6,1.0,41,7,0.1707,6,6,1.0
2025-12-15,合計,94,80,18,0.225,12,7,0.5833,80,14,0.175,12,7,0.5833
2025-12-16,5F,47,40,9,0.225,5,3,0.6,40,11,0.275,5,3,0.6
2025-12-16,6F,47,44,12,0.2727,4,3,0.75,44,7,0.159,4,3,0.75
2025-12-16,合計,94,84,21,0.25,9,6,0.6666,84,18,0.2142,9,6,0.6666
2025-12-17,5F,47,42,9,0.2142,6,5,0.8333,42,8,0.1904,6,5,0.8333
2025-12-17,6F,47,44,9,0.2045,5,3,0.6,44,6,0.1363,5,3,0.6
2025-12-17,合計,94,86,18,0.2093,11,8,0.7272,86,14,0.1627,11,8,0.7272
2025-12-18,5F,47,43,10,0.2325,4,0,0.0,43,10,0.2325,4,0,0.0
2025-12-18,6F,47,41,10,0.2439,0,0,0.0,41,8,0.1951,0,0,0.0
2025-12-18,合計,94,84,20,0.238,4,0,0.0,84,18,0.2142,4,0,0.0
2025-12-19,5F,47,41,11,0.2682,3,3,1.0,41,9,0.2195,3,3,1.0
2025-12-19,6F,47,41,9,0.2195,3,3,1.0,41,7,0.1707,3,3,1.0
2025-12-19,合計,94,82,20,0.2439,6,6,1.0,82,16,0.1951,6,6,1.0
2025-12-20,5F,47,40,11,0.275,1,0,0.0,40,9,0.225,1,0,0.0
2025-12-20,6F,47,41,8,0.1951,1,1,1.0,41,7,0.1707,1,1,1.0
2025-12-20,合計,94,81,19,0.2345,2,1,0.5,81,16,0.1975,2,1,0.5
2025-12-21,5F,47,40,10,0.25,0,0,0.0,40,10,0.25,0,0,0.0
2025-12-21,6F,47,41,6,0.1463,1,1,1.0,41,5,0.1219,1,1,1.0
2025-12-21,合計,94,81,16,0.1975,1,1,1.0,81,15,0.1851,1,1,1.0
2025-12-22,5F,47,45,8,0.1777,5,2,0.4,45,8,0.1777,5,2,0.4
2025-12-22,6F,47,45,10,0.2222,6,3,0.5,45,7,0.1555,6,3,0.5
2025-12-22,合計,94,90,18,0.2,11,5,0.4545,90,15,0.1666,11,5,0.4545
2025-12-23,5F,47,47,13,0.2765,5,3,0.6,47,11,0.234,5,3,0.6
2025-12-23,6F,47,44,6,0.1363,3,3,1.0,44,5,0.1136,3,3,1.0
2025-12-23,合計,94,91,19,0.2087,8,6,0.75,91,16,0.1758,8,6,0.75
2025-12-24,5F,47,47,12,0.2553,1,0,0.0,47,10,0.2127,1,0,0.0
2025-12-24,6F,47,42,6,0.1428,3,3,1.0,42,4,0.0952,3,3,1.0
2025-12-24,合計,94,89,18,0.2022,4,3,0.75,89,14,0.1573,4,3,0.75
2025-12-25,5F,47,45,10,0.2222,0,0,0.0,45,10,0.2222,0,0,0.0
2025-12-25,6F,47,43,6,0.1395,5,4,0.8,43,4,0.093,5,4,0.8
2025-12-25,合計,94,88,16,0.1818,5,4,0.8,88,14,0.159,5,4,0.8
2025-12-26,5F,47,45,9,0.2,2,1,0.5,45,8,0.1777,2,1,0.5
2025-12-26,6F,47,44,8,0.1818,5,5,1.0,44,6,0.1363,5,5,1.0
2025-12-26,合計,94,89,17,0.191,7,6,0.8571,89,14,0.1573,7,6,0.8571
2025-12-27,5F,47,42,8,0.1904,1,1,1.0,42,6,0.1428,1,1,1.0
2025-12-27,6F,47,42,6,0.1428,0,0,0.0,42,5,0.119,0,0,0.0
2025-12-27,合計,94,84,14,0.1666,1,1,1.0,84,11,0.1309,1,1,1.0
2025-12-28,5F,47,41,6,0.1463,0,0,0.0,41,6,0.1463,0,0,0.0
2025-12-28,6F,47,43,5,0.1162,1,0,0.0,43,5,0.1162,1,0,0.0
2025-12-28,合計,94,84,11,0.1309,1,0,0.0,84,11,0.1309,1,0,0.0
2025-12-29,5F,47,38,6,0.1578,2,2,1.0,38,6,0.1578,2,2,1.0
2025-12-29,6F,47,40,5,0.125,3,2,0.6666,40,4,0.1,3,2,0.6666
2025-12-29,合計,94,78,11,0.141,5,4,0.8,78,10,0.1282,5,4,0.8
2025-12-30,5F,47,32,7,0.2187,1,1,1.0,32,6,0.1875,1,1,1.0
2025-12-30,6F,47,31,3,0.0967,0,0,0.0,31,3,0.0967,0,0,0.0
2025-12-30,合計,94,63,10,0.1587,1,1,1.0,63,9,0.1428,1,1,1.0
2025-12-31,5F,47,33,6,0.1818,1,1,1.0,33,5,0.1515,1,1,1.0
2025-12-31,6F,47,30,3,0.1,0,0,0.0,30,3,0.1,0,0,0.0
2025-12-31,合計,94,63,9,0.1428,1,1,1.0,63,8,0.1269,1,1,1.0
2026-01-01,5F,47,31,2,0.0645,0,0,0.0,31,2,0.0645,0,0,0.0
2026-01-01,6F,47,30,3,0.1,0,0,0.0,30,2,0.0666,0,0,0.0
2026-01-01,合計,94,61,5,0.0819,0,0,0.0,61,4,0.0655,0,0,0.0
2026-01-02,5F,47,32,2,0.0625,0,0,0.0,32,2,0.0625,0,0,0.0
2026-01-02,6F,47,30,2,0.0666,0,0,0.0,30,3,0.1,0,0,0.0
2026-01-02,合計,94,62,4,0.0645,0,0,0.0,62,5,0.0806,0,0,0.0
2026-01-03,5F,47,32,3,0.0937,0,0,0.0,32,3,0.0937,0,0,0.0
2026-01-03,6F,47,30,2,0.0666,0,0,0.0,30,2,0.0666,0,0,0.0
2026-01-03,合計,94,62,5,0.0806,0,0,0.0,62,5,0.0806,0,0,0.0
2026-01-04,5F,47,32,2,0.0625,0,0,0.0,32,2,0.0625,0,0,0.0
2026-01-04,6F,47,30,2,0.0666,0,0,0.0,30,2,0.0666,0,0,0.0
2026-01-04,合計,94,62,4,0.0645,0,0,0.0,62,4,0.0645,0,0,0.0
2026-01-05,5F,47,35,3,0.0857,4,1,0.25,35,1,0.0285,4,1,0.25
2026-01-05,6F,47,32,4,0.125,4,4,1.0,32,2,0.0625,4,4,1.0
2026-01-05,合計,94,67,7,0.1044,8,5,0.625,67,3,0.0447,8,5,0.625
2026-01-06,5F,47,37,9,0.2432,2,2,1.0,37,6,0.1621,2,2,1.0
2026-01-06,6F,47,36,5,0.1388,6,5,0.8333,36,2,0.0555,6,5,0.8333
2026-01-06,合計,94,73,14,0.1917,8,7,0.875,73,8,0.1095,8,7,0.875
2026-01-07,5F,47,42,9,0.2142,5,3,0.6,42,5,0.119,5,3,0.6
2026-01-07,6F,47,37,8,0.2162,6,4,0.6666,37,5,0.1351,6,4,0.6666
2026-01-07,合計,94,79,17,0.2151,11,7,0.6363,79,10,0.1265,11,7,0.6363
2026-01-08,5F,47,43,13,0.3023,2,1,0.5,43,8,0.186,2,1,0.5
2026-01-08,6F,47,40,8,0.2,5,4,0.8,40,3,0.075,5,4,0.8
2026-01-08,合計,94,83,21,0.253,7,5,0.7142,83,11,0.1325,7,5,0.7142
2026-01-09,5F,47,42,13,0.3095,2,1,0.5,42,9,0.2142,2,1,0.5
2026-01-09,6F,47,39,7,0.1794,2,2,1.0,39,4,0.1025,2,2,1.0
2026-01-09,合計,94,81,20,0.2469,4,3,0.75,81,13,0.1604,4,3,0.75
2026-01-10,5F,47,42,12,0.2857,1,1,1.0,42,8,0.1904,1,1,1.0
2026-01-10,6F,47,36,6,0.1666,0,0,0.0,36,3,0.0833,0,0,0.0
2026-01-10,合計,94,78,18,0.2307,1,1,1.0,78,11,0.141,1,1,1.0
2026-01-11,5F,47,40,9,0.225,0,0,0.0,40,5,0.125,0,0,0.0
2026-01-11,6F,47,36,6,0.1666,0,0,0.0,36,3,0.0833,0,0,0.0
2026-01-11,合計,94,76,15,0.1973,0,0,0.0,76,8,0.1052,0,0,0.0
2026-01-12,5F,47,40,5,0.125,0,0,0.0,40,5,0.125,0,0,0.0
2026-01-12,6F,47,36,6,0.1666,0,0,0.0,36,3,0.0833,0,0,0.0
2026-01-12,合計,94,76,11,0.1447,0,0,0.0,76,8,0.1052,0,0,0.0
2026-01-13,5F,47,44,6,0.1363,4,3,0.75,44,5,0.1136,4,3,0.75
2026-01-13,6F,47,42,6,0.1428,7,6,0.8571,42,4,0.0952,7,6,0.8571
2026-01-13,合計,94,86,12,0.1395,11,9,0.8181,86,9,0.1046,11,9,0.8181
2026-01-14,5F,47,44,7,0.159,6,5,0.8333,44,4,0.0909,6,5,0.8333
2026-01-14,6F,47,43,6,0.1395,4,2,0.5,43,5,0.1162,4,2,0.5
2026-01-14,合計,94,87,13,0.1494,10,7,0.7,87,9,0.1034,10,7,0.7
2026-01-15,5F,47,42,5,0.119,2,2,1.0,42,4,0.0952,2,2,1.0
2026-01-15,6F,47,42,6,0.1428,1,0,0.0,42,5,0.119,1,0,0.0
2026-01-15,合計,94,84,11,0.1309,3,2,0.6666,84,9,0.1071,3,2,0.6666
2026-01-16,5F,47,39,5,0.1282,2,2,1.0,39,4,0.1025,2,2,1.0
2026-01-16,6F,47,41,6,0.1463,4,3,0.75,41,4,0.0975,4,3,0.75
2026-01-16,合計,94,80,11,0.1375,6,5,0.8333,80,8,0.1,6,5,0.8333
2026-01-17,5F,47,38,4,0.1052,0,0,0.0,38,3,0.0789,0,0,0.0
2026-01-17,6F,47,37,4,0.1081,2,2,1.0,37,3,0.081,2,2,1.0
2026-01-17,合計,94,75,8,0.1066,2,2,1.0,75,6,0.08,2,2,1.0
2026-01-18,5F,47,38,3,0.0789,0,0,0.0,38,3,0.0789,0,0,0.0
2026-01-18,6F,47,37,3,0.081,0,0,0.0,37,3,0.081,0,0,0.0
2026-01-18,合計,94,75,6,0.08,0,0,0.0,75,6,0.08,0,0,0.0
2026-01-19,5F,47,42,3,0.0714,4,3,0.75,42,4,0.0952,4,3,0.75
2026-01-19,6F,47,39,4,0.1025,6,4,0.6666,39,3,0.0769,6,4,0.6666
2026-01-19,合計,94,81,7,0.0864,10,7,0.7,81,7,0.0864,10,7,0.7
2026-01-20,5F,47,44,5,0.1136,4,1,0.25,44,5,0.1136,4,1,0.25
2026-01-20,6F,47,39,4,0.1025,5,3,0.6,39,2,0.0512,5,3,0.6
2026-01-20,合計,94,83,9,0.1084,9,4,0.4444,83,7,0.0843,9,4,0.4444
2026-01-21,5F,47,45,8,0.1777,3,0,0.0,45,8,0.1777,3,0,0.0
2026-01-21,6F,47,40,4,0.1,4,3,0.75,40,2,0.05,4,3,0.75
2026-01-21,合計,94,85,12,0.1411,7,3,0.4285,85,10,0.1176,7,3,0.4285
2026-01-22,5F,47,44,8,0.1818,2,1,0.5,44,8,0.1818,2,1,0.5
2026-01-22,6F,47,41,4,0.0975,4,3,0.75,41,2,0.0487,4,3,0.75
2026-01-22,合計,94,85,12,0.1411,6,4,0.6666,85,10,0.1176,6,4,0.6666
2026-01-23,5F,47,43,6,0.1395,2,2,1.0,43,6,0.1395,2,2,1.0
2026-01-23,6F,47,43,5,0.1162,4,3,0.75,43,3,0.0697,4,3,0.75
2026-01-23,合計,94,86,11,0.1279,6,5,0.8333,86,9,0.1046,6,5,0.8333
2026-01-24,5F,47,40,5,0.125,2,0,0.0,40,6,0.15,2,0,0.0
2026-01-24,6F,47,43,6,0.1395,1,1,1.0,43,4,0.093,1,1,1.0
2026-01-24,合計,94,83,11,0.1325,3,1,0.3333,83,10,0.1204,3,1,0.3333
2026-01-25,5F,47,40,4,0.1,0,0,0.0,40,4,0.1,0,0,0.0
2026-01-25,6F,47,43,5,0.1162,0,0,0.0,43,4,0.093,0,0,0.0
2026-01-25,合計,94,83,9,0.1084,0,0,0.0,83,8,0.0963,0,0,0.0
2026-01-26,5F,47,42,5,0.119,5,2,0.4,42,6,0.1428,5,2,0.4
2026-01-26,6F,47,44,5,0.1136,4,2,0.5,44,4,0.0909,4,2,0.5
2026-01-26,合計,94,86,10,0.1162,9,4,0.4444,86,10,0.1162,9,4,0.4444
2026-01-27,5F,47,44,6,0.1363,4,2,0.5,44,5,0.1136,4,2,0.5
2026-01-27,6F,47,40,7,0.175,4,3,0.75,40,5,0.125,4,3,0.75
2026-01-27,合計,94,84,13,0.1547,8,5,0.625,84,10,0.119,8,5,0.625
2026-01-28,5F,47,44,7,0.159,3,0,0.0,44,7,0.159,3,0,0.0
2026-01-28,6F,47,39,6,0.1538,2,1,0.5,39,4,0.1025,2,1,0.5
2026-01-28,合計,94,83,13,0.1566,5,1,0.2,83,11,0.1325,5,1,0.2
2026-01-29,5F,47,43,9,0.2093,2,1,0.5,43,10,0.2325,2,1,0.5
2026-01-29,6F,47,40,2,0.05,3,0,0.0,40,2,0.05,3,0,0.0
2026-01-29,合計,94,83,11,0.1325,5,1,0.2,83,12,0.1445,5,1,0.2
2026-01-30,5F,47,39,7,0.1794,2,1,0.5,39,7,0.1794,2,1,0.5
2026-01-30,6F,47,39,4,0.1025,3,3,1.0,39,3,0.0769,3,3,1.0
2026-01-30,合計,94,78,11,0.141,5,4,0.8,78,10,0.1282,5,4,0.8
2026-01-31,5F,47,32,5,0.1562,0,0,0.0,32,5,0.1562,0,0,0.0
2026-01-31,6F,47,35,3,0.0857,0,0,0.0,35,2,0.0571,0,0,0.0
2026-01-31,合計,94,67,8,0.1194,0,0,0.0,67,7,0.1044,0,0,0.0
2026-02-01,5F,47,32,3,0.0937,0,0,0.0,32,3,0.0937,0,0,0.0
2026-02-01,6F,47,35,3,0.0857,0,0,0.0,35,3,0.0857,0,0,0.0
2026-02-01,合計,94,67,6,0.0895,0,0,0.0,67,6,0.0895,0,0,0.0
2026-02-02,5F,47,38,5,0.1315,9,4,0.4444,38,4,0.1052,9,4,0.4444
2026-02-02,6F,47,41,6,0.1463,6,5,0.8333,41,3,0.0731,6,5,0.8333
2026-02-02,合計,94,79,11,0.1392,15,9,0.6,79,7,0.0886,15,9,0.6
2026-02-03,5F,47,40,5,0.125,4,2,0.5,40,3,0.075,4,2,0.5
2026-02-03,6F,47,41,7,0.1707,3,2,0.6666,41,2,0.0487,3,2,0.6666
2026-02-03,合計,94,81,12,0.1481,7,4,0.5714,81,5,0.0617,7,4,0.5714
2026-02-04,5F,47,41,5,0.1219,6,2,0.3333,41,3,0.0731,6,2,0.3333
2026-02-04,6F,47,42,6,0.1428,5,3,0.6,42,3,0.0714,5,3,0.6
2026-02-04,合計,94,83,11,0.1325,11,5,0.4545,83,6,0.0722,11,5,0.4545
2026-02-05,5F,47,41,8,0.1951,3,3,1.0,41,6,0.1463,3,3,1.0
2026-02-05,6F,47,43,8,0.186,2,2,1.0,43,5,0.1162,2,2,1.0
2026-02-05,合計,94,84,16,0.1904,5,5,1.0,84,11,0.1309,5,5,1.0
2026-02-06,5F,47,41,5,0.1219,1,1,1.0,41,4,0.0975,1,1,1.0
2026-02-06,6F,47,39,7,0.1794,4,4,1.0,39,3,0.0769,4,4,1.0
2026-02-06,合計,94,80,12,0.15,5,5,1.0,80,7,0.0875,5,5,1.0
2026-02-07,5F,47,40,5,0.125,1,1,1.0,40,4,0.1,1,1,1.0
2026-02-07,6F,47,37,6,0.1621,0,0,0.0,37,3,0.081,0,0,0.0
2026-02-07,合計,94,77,11,0.1428,1,1,1.0,77,7,0.0909,1,1,1.0
2026-02-08,5F,47,41,5,0.1219,1,1,1.0,41,4,0.0975,1,1,1.0
2026-02-08,6F,47,37,3,0.081,1,1,1.0,37,3,0.081,1,1,1.0
2026-02-08,合計,94,78,8,0.1025,2,2,1.0,78,7,0.0897,2,2,1.0
2026-02-09,5F,47,40,3,0.075,4,1,0.25,40,3,0.075,4,1,0.25
2026-02-09,6F,47,38,3,0.0789,5,0,0.0,38,3,0.0789,5,0,0.0
2026-02-09,合計,94,78,6,0.0769,9,1,0.1111,78,6,0.0769,9,1,0.1111
2026-02-10,5F,47,39,5,0.1282,5,2,0.4,39,5,0.1282,5,2,0.4
2026-02-10,6F,47,37,3,0.081,4,2,0.5,37,2,0.054,4,2,0.5
2026-02-10,合計,94,76,8,0.1052,9,4,0.4444,76,7,0.0921,9,4,0.4444
2026-02-11,5F,47,39,4,0.1025,0,0,0.0,39,4,0.1025,0,0,0.0
2026-02-11,6F,47,36,1,0.0277,0,0,0.0,36,0,0.0,0,0,0.0
2026-02-11,合計,94,75,5,0.0666,0,0,0.0,75,4,0.0533,0,0,0.0
2026-02-12,5F,47,38,4,0.1052,1,1,1.0,38,4,0.1052,1,1,1.0
2026-02-12,6F,47,36,2,0.0555,3,3,1.0,36,1,0.0277,3,3,1.0
2026-02-12,合計,94,74,6,0.081,4,4,1.0,74,5,0.0675,4,4,1.0
2026-02-13,5F,47,40,6,0.15,4,4,1.0,40,6,0.15,4,4,1.0
2026-02-13,6F,47,35,5,0.1428,4,3,0.75,35,4,0.1142,4,3,0.75
2026-02-13,合計,94,75,11,0.1466,8,7,0.875,75,10,0.1333,8,7,0.875
2026-02-14,5F,47,38,3,0.0789,2,2,1.0,38,3,0.0789,2,2,1.0
2026-02-14,6F,47,37,3,0.081,3,1,0.3333,37,2,0.054,3,1,0.3333
2026-02-14,合計,94,75,6,0.08,5,3,0.6,75,5,0.0666,5,3,0.6
2026-02-15,5F,47,38,3,0.0789,0,0,0.0,38,3,0.0789,0,0,0.0
2026-02-15,6F,47,36,3,0.0833,0,0,0.0,36,2,0.0555,0,0,0.0
2026-02-15,合計,94,74,6,0.081,0,0,0.0,74,5,0.0675,0,0,0.0
2026-02-16,5F,47,40,3,0.075,4,2,0.5,40,4,0.1,4,2,0.5
2026-02-16,6F,47,40,3,0.075,7,3,0.4285,40,1,0.025,7,3,0.4285
2026-02-16,合計,94,80,6,0.075,11,5,0.4545,80,5,0.0625,11,5,0.4545
2026-02-17,5F,47,41,4,0.0975,3,0,0.0,41,4,0.0975,3,0,0.0
2026-02-17,6F,47,38,6,0.1578,5,2,0.4,38,3,0.0789,5,2,0.4
2026-02-17,合計,94,79,10,0.1265,8,2,0.25,79,7,0.0886,8,2,0.25
2026-02-18,5F,47,39,5,0.1282,1,0,0.0,39,5,0.1282,1,0,0.0
2026-02-18,6F,47,38,5,0.1315,6,3,0.5,38,0,0.0,6,3,0.5
2026-02-18,合計,94,77,10,0.1298,7,3,0.4285,77,5,0.0649,7,3,0.4285
2026-02-19,5F,47,41,7,0.1707,5,4,0.8,41,6,0.1463,5,4,0.8
2026-02-19,6F,47,40,6,0.15,5,4,0.8,40,3,0.075,5,4,0.8
2026-02-19,合計,94,81,13,0.1604,10,8,0.8,81,9,0.1111,10,8,0.8
2026-02-20,5F,47,36,5,0.1388,0,0,0.0,36,4,0.1111,0,0,0.0
2026-02-20,6F,47,32,4,0.125,0,0,0.0,32,3,0.0937,0,0,0.0
2026-02-20,合計,94,68,9,0.1323,0,0,0.0,68,7,0.1029,0,0,0.0
2026-02-21,5F,47,35,3,0.0857,3,2,0.6666,35,3,0.0857,3,2,0.6666
2026-02-21,6F,47,31,3,0.0967,2,2,1.0,31,2,0.0645,2,2,1.0
2026-02-21,合計,94,66,6,0.0909,5,4,0.8,66,5,0.0757,5,4,0.8
2026-02-22,5F,47,35,2,0.0571,0,0,0.0,35,2,0.0571,0,0,0.0
2026-02-22,6F,47,31,2,0.0645,0,0,0.0,31,2,0.0645,0,0,0.0
2026-02-22,合計,94,66,4,0.0606,0,0,0.0,66,4,0.0606,0,0,0.0
2026-02-23,5F,47,35,2,0.0571,0,0,0.0,35,2,0.0571,0,0,0.0
2026-02-23,6F,47,31,0,0.0,0,0,0.0,31,0,0.0,0,0,0.0
2026-02-23,合計,94,66,2,0.0303,0,0,0.0,66,2,0.0303,0,0,0.0
2026-02-24,5F,47,36,5,0.1388,4,3,0.75,36,4,0.1111,4,3,0.75
2026-02-24,6F,47,32,2,0.0625,2,1,0.5,32,2,0.0625,2,1,0.5
2026-02-24,合計,94,68,7,0.1029,6,4,0.6666,68,6,0.0882,6,4,0.6666
2026-02-25,5F,47,38,7,0.1842,3,2,0.6666,38,4,0.1052,3,2,0.6666
2026-02-25,6F,47,34,1,0.0294,3,3,1.0,34,1,0.0294,3,3,1.0
2026-02-25,合計,94,72,8,0.1111,6,5,0.8333,72,5,0.0694,6,5,0.8333
2026-02-26,5F,47,40,7,0.175,5,3,0.6,40,6,0.15,5,3,0.6
2026-02-26,6F,47,39,2,0.0512,6,3,0.5,39,2,0.0512,6,3,0.5
2026-02-26,合計,94,79,9,0.1139,11,6,0.5454,79,8,0.1012,11,6,0.5454
2026-02-27,5F,47,37,7,0.1891,3,2,0.6666,37,6,0.1621,3,2,0.6666
2026-02-27,6F,47,37,2,0.054,3,2,0.6666,37,2,0.054,3,2,0.6666
2026-02-27,合計,94,74,9,0.1216,6,4,0.6666,74,8,0.1081,6,4,0.6666
2026-02-28,5F,47,32,6,0.1875,0,0,0.0,32,5,0.1562,0,0,0.0
2026-02-28,6F,47,35,2,0.0571,1,0,0.0,35,2,0.0571,1,0,0.0
2026-02-28,合計,94,67,8,0.1194,1,0,0.0,67,7,0.1044,1,0,0.0
2026-03-01,5F,47,32,3,0.0937,0,0,0.0,32,3,0.0937,0,0,0.0
2026-03-01,6F,47,35,2,0.0571,0,0,0.0,35,3,0.0857,0,0,0.0
2026-03-01,合計,94,67,5,0.0746,0,0,0.0,67,6,0.0895,0,0,0.0
2026-03-02,5F,47,35,6,0.1714,6,3,0.5,35,5,0.1428,6,3,0.5
2026-03-02,6F,47,37,3,0.081,5,2,0.4,37,3,0.081,5,2,0.4
2026-03-02,合計,94,72,9,0.125,11,5,0.4545,72,8,0.1111,11,5,0.4545
2026-03-03,5F,47,29,7,0.2413,3,1,0.3333,29,5,0.1724,3,1,0.3333
2026-03-03,6F,47,37,1,0.027,5,2,0.4,37,1,0.027,5,2,0.4
2026-03-03,合計,94,66,8,0.1212,8,3,0.375,66,6,0.0909,8,3,0.375
2026-03-04,5F,47,29,5,0.1724,3,2,0.6666,29,4,0.1379,3,2,0.6666
2026-03-04,6F,47,39,3,0.0769,5,2,0.4,39,3,0.0769,5,2,0.4
2026-03-04,合計,94,68,8,0.1176,8,4,0.5,68,7,0.1029,8,4,0.5
2026-03-05,5F,47,33,6,0.1818,5,4,0.8,33,5,0.1515,5,4,0.8
2026-03-05,6F,47,38,3,0.0789,2,1,0.5,38,2,0.0526,2,1,0.5
2026-03-05,合計,94,71,9,0.1267,7,5,0.7142,71,7,0.0985,7,5,0.7142
2026-03-06,5F,47,35,8,0.2285,5,3,0.6,35,6,0.1714,5,3,0.6
2026-03-06,6F,47,39,5,0.1282,5,4,0.8,39,3,0.0769,5,4,0.8
2026-03-06,合計,94,74,13,0.1756,10,7,0.7,74,9,0.1216,10,7,0.7
2026-03-07,5F,47,34,8,0.2352,2,0,0.0,34,8,0.2352,2,0,0.0
2026-03-07,6F,47,36,2,0.0555,0,0,0.0,36,2,0.0555,0,0,0.0
2026-03-07,合計,94,70,10,0.1428,2,0,0.0,70,10,0.1428,2,0,0.0
2026-03-08,5F,47,33,4,0.1212,0,0,0.0,33,4,0.1212,0,0,0.0
2026-03-08,6F,47,36,2,0.0555,0,0,0.0,36,2,0.0555,0,0,0.0
2026-03-08,合計,94,69,6,0.0869,0,0,0.0,69,6,0.0869,0,0,0.0
2026-03-09,5F,47,36,5,0.1388,6,4,0.6666,36,5,0.1388,6,4,0.6666
2026-03-09,6F,47,40,2,0.05,5,2,0.4,40,2,0.05,5,2,0.4
2026-03-09,合計,94,76,7,0.0921,11,6,0.5454,76,7,0.0921,11,6,0.5454
2026-03-10,5F,47,35,9,0.2571,3,2,0.6666,35,8,0.2285,3,2,0.6666
2026-03-10,6F,47,38,2,0.0526,2,1,0.5,38,2,0.0526,2,1,0.5
2026-03-10,合計,94,73,11,0.1506,5,3,0.6,73,10,0.1369,5,3,0.6
2026-03-11,5F,47,39,9,0.2307,5,2,0.4,39,7,0.1794,5,2,0.4
2026-03-11,6F,47,36,2,0.0555,2,1,0.5,36,2,0.0555,2,1,0.5
2026-03-11,合計,94,75,11,0.1466,7,3,0.4285,75,9,0.12,7,3,0.4285
2026-03-12,5F,47,36,7,0.1944,1,1,1.0,36,6,0.1666,1,1,1.0
2026-03-12,6F,47,36,4,0.1111,2,2,1.0,36,3,0.0833,2,2,1.0
2026-03-12,合計,94,72,11,0.1527,3,3,1.0,72,9,0.125,3,3,1.0
2026-03-13,5F,47,37,9,0.2432,4,4,1.0,37,10,0.2702,4,4,1.0
2026-03-13,6F,47,40,4,0.1,4,3,0.75,40,3,0.075,4,3,0.75
2026-03-13,合計,94,77,13,0.1688,8,7,0.875,77,13,0.1688,8,7,0.875
2026-03-14,5F,47,37,7,0.1891,0,0,0.0,37,7,0.1891,0,0,0.0
2026-03-14,6F,47,37,3,0.081,0,0,0.0,37,3,0.081,0,0,0.0
2026-03-14,合計,94,74,10,0.1351,0,0,0.0,74,10,0.1351,0,0,0.0
2026-03-15,5F,47,37,6,0.1621,1,1,1.0,37,5,0.1351,1,1,1.0
2026-03-15,6F,47,37,2,0.054,0,0,0.0,37,2,0.054,0,0,0.0
2026-03-15,合計,94,74,8,0.1081,1,1,1.0,74,7,0.0945,1,1,1.0
2026-03-16,5F,47,38,9,0.2368,3,1,0.3333,38,8,0.2105,3,1,0.3333
2026-03-16,6F,47,37,3,0.081,5,3,0.6,37,2,0.054,5,3,0.6
2026-03-16,合計,94,75,12,0.16,8,4,0.5,75,10,0.1333,8,4,0.5
2026-03-17,5F,47,38,9,0.2368,3,2,0.6666,38,9,0.2368,3,2,0.6666
2026-03-17,6F,47,36,3,0.0833,4,2,0.5,36,2,0.0555,4,2,0.5
2026-03-17,合計,94,74,12,0.1621,7,4,0.5714,74,11,0.1486,7,4,0.5714
2026-03-18,5F,47,40,9,0.225,4,4,1.0,40,7,0.175,4,4,1.0
2026-03-18,6F,47,38,4,0.1052,4,2,0.5,38,3,0.0789,4,2,0.5
2026-03-18,合計,94,78,13,0.1666,8,6,0.75,78,10,0.1282,8,6,0.75
2026-03-19,5F,47,38,11,0.2894,2,1,0.5,38,9,0.2368,2,1,0.5
2026-03-19,6F,47,36,4,0.1111,3,3,1.0,36,2,0.0555,3,3,1.0
2026-03-19,合計,94,74,15,0.2027,5,4,0.8,74,11,0.1486,5,4,0.8
2026-03-20,5F,47,38,8,0.2105,0,0,0.0,38,7,0.1842,0,0,0.0
2026-03-20,6F,47,35,4,0.1142,0,0,0.0,35,2,0.0571,0,0,0.0
2026-03-20,合計,94,73,12,0.1643,0,0,0.0,73,9,0.1232,0,0,0.0
2026-03-21,5F,47,38,9,0.2368,1,1,1.0,38,9,0.2368,1,1,1.0
2026-03-21,6F,47,32,1,0.0312,1,0,0.0,32,1,0.0312,1,0,0.0
2026-03-21,合計,94,70,10,0.1428,2,1,0.5,70,10,0.1428,2,1,0.5
2026-03-22,5F,47,39,10,0.2564,1,1,1.0,39,10,0.2564,1,1,1.0
2026-03-22,6F,47,32,1,0.0312,0,0,0.0,32,1,0.0312,0,0,0.0
2026-03-22,合計,94,71,11,0.1549,1,1,1.0,71,11,0.1549,1,1,1.0
2026-03-23,5F,47,40,9,0.225,3,1,0.3333,40,8,0.2,3,1,0.3333
2026-03-23,6F,47,36,3,0.0833,4,1,0.25,36,2,0.0555,4,1,0.25
2026-03-23,合計,94,76,12,0.1578,7,2,0.2857,76,10,0.1315,7,2,0.2857
2026-03-24,5F,47,41,11,0.2682,2,0,0.0,41,11,0.2682,2,0,0.0
2026-03-24,6F,47,37,6,0.1621,5,3,0.6,37,3,0.081,5,3,0.6
2026-03-24,合計,94,78,17,0.2179,7,3,0.4285,78,14,0.1794,7,3,0.4285
2026-03-25,5F,47,41,7,0.1707,2,0,0.0,41,7,0.1707,2,0,0.0
2026-03-25,6F,47,40,7,0.175,5,5,1.0,40,5,0.125,5,5,1.0
2026-03-25,合計,94,81,14,0.1728,7,5,0.7142,81,12,0.1481,7,5,0.7142
2026-03-26,5F,47,42,5,0.119,3,1,0.3333,42,5,0.119,3,1,0.3333
2026-03-26,6F,47,42,7,0.1666,3,2,0.6666,42,5,0.119,3,2,0.6666
2026-03-26,合計,94,84,12,0.1428,6,3,0.5,84,10,0.119,6,3,0.5
2026-03-27,5F,47,40,6,0.15,3,3,1.0,40,5,0.125,3,3,1.0
2026-03-27,6F,47,42,8,0.1904,3,3,1.0,42,6,0.1428,3,3,1.0
2026-03-27,合計,94,82,14,0.1707,6,6,1.0,82,11,0.1341,6,6,1.0
2026-03-28,5F,47,37,3,0.081,2,1,0.5,37,3,0.081,2,1,0.5
2026-03-28,6F,47,42,9,0.2142,1,0,0.0,42,7,0.1666,1,0,0.0
2026-03-28,合計,94,79,12,0.1518,3,1,0.3333,79,10,0.1265,3,1,0.3333
2026-03-29,5F,47,36,1,0.0277,0,0,0.0,36,1,0.0277,0,0,0.0
2026-03-29,6F,47,42,7,0.1666,0,0,0.0,42,7,0.1666,0,0,0.0
2026-03-29,合計,94,78,8,0.1025,0,0,0.0,78,8,0.1025,0,0,0.0
2026-03-30,5F,47,37,2,0.054,5,0,0.0,37,2,0.054,5,0,0.0
2026-03-30,6F,47,43,8,0.186,4,1,0.25,43,8,0.186,4,1,0.25
2026-03-30,合計,94,80,10,0.125,9,1,0.1111,80,10,0.125,9,1,0.1111
2026-03-31,5F,47,34,3,0.0882,2,1,0.5,34,3,0.0882,2,1,0.5
2026-03-31,6F,47,41,8,0.1951,0,0,0.0,41,8,0.1951,0,0,0.0
2026-03-31,合計,94,75,11,0.1466,2,1,0.5,75,11,0.1466,2,1,0.5
